Expressing unequivocal support for the men and women of our Armed Forces who are currently carrying out missions in and around the Persian Gulf region.|105|House|FLOYD SPENCE(R) |Motion to reconsider laid on the table Agreed to without objection.|1998-12-17|https://www.congress.gov/105/bills/hres612/BILLS-105hres612eh.pdf
Women's Progress Commemoration Act|105|Senate|CHRISTOPHER DODD(D) |Became Public Law No: 105-341.|1998-10-31|https://www.congress.gov/105/bills/s2285/BILLS-105s2285enr.pdf
Women's Health Research and Prevention Amendments of 1998|105|Senate|WILLIAM FRIST(R) |Became Public Law No: 105-340.|1998-10-31|https://www.congress.gov/105/bills/s1722/BILLS-105s1722enr.pdf
Protection of Children From Sexual Predators Act of 1998|105|House|BILL MCCOLLUM(R) |Became Public Law No: 105-314.|1998-10-30|https://www.congress.gov/105/bills/hr3494/BILLS-105hr3494enr.pdf
A resolution expressing the sense of the Senate that Nadia Dabbagh should be returned home to her mother, Ms. Maureen Dabbagh.|105|Senate|CHARLES ROBB(D) |Resolution agreed to in Senate without amendment and with a preamble by Unanimous Consent.|1998-10-21|https://www.congress.gov/105/bills/sres293/BILLS-105sres293ats.pdf
Women and Children's Resources Act|105|House|JOSEPH PITTS(R) |Referred to the Subcommittee on Health and Environment.|1998-10-21|https://www.congress.gov/105/bills/hr4670/BILLS-105hr4670ih.pdf
National Domestic Violence Victim Notification Act|105|House|SCOTTY BAESLER(D) |Sponsor introductory remarks on measure. (CR E2272)|1998-10-21|https://www.congress.gov/105/bills/hr4860/BILLS-105hr4860ih.pdf
To modify retroactively the residence requirement for transmission of citizenship to certain individuals born abroad before 1953 to one citizen parent and one alien parent.|105|House|PATSY MINK(D) |Referred to the House Committee on the Judiciary.|1998-10-19|https://www.congress.gov/105/bills/hr4853/BILLS-105hr4853ih.pdf
Commission on the Advancement of Women and Minorities in Science, Engineering, and Technology Development Act|105|House|CONSTANCE MORELLA(R) |Became Public Law No: 105-255.|1998-10-14|https://www.congress.gov/105/bills/hr3007/BILLS-105hr3007enr.pdf
A bill to redesignate the legal public holiday of "Washington's Birthday" as "Presidents' Day" in honor of George Washington, Abraham Lincoln, and Franklin Roosevelt and in recognition of the importance of the institution of the Presidency and the contributions that Presidents have made to the development of our Nation and the principles of freedom and democracy.|105|Senate|Richard Durbin(D) |Referred to Subcommittee on Constitution, Federalism, Property.|1998-10-13|https://www.congress.gov/105/bills/s2353/BILLS-105s2353is.pdf
To provide a location in Arlington, Virginia, for construction of a memorial to honor the men and women who have served in the United States Air Force.|105|House|GERALD SOLOMON(R) |Referred to House Resources|1998-10-12|https://www.congress.gov/105/bills/hr4817/BILLS-105hr4817ih.pdf
A bill to revise the boundaries of the George Washington Birthplace National Monument.|105|Senate|JOHN WARNER(R) |By Senator Murkowski from Committee on Energy and Natural Resources filed written report. Report No. 105-403.|1998-10-10|https://www.congress.gov/105/bills/s2086/BILLS-105s2086rfh.pdf
Women's Rights National Historic Trail Act of 1998|105|Senate|DANIEL MOYNIHAN(D) |By Senator Murkowski from Committee on Energy and Natural Resources filed written report. Report No. 105-395.|1998-10-09|https://www.congress.gov/105/bills/s1641/BILLS-105s1641rfh.pdf
A bill to create a National Museum of Women's History Advisory Committee.|105|Senate|Olympia Snowe(R) |Read twice and referred to the Committee on Rules and Administration.|1998-10-07|https://www.congress.gov/105/bills/s2576/BILLS-105s2576is.pdf
To create a National Museum of Women's History Advisory Committee.|105|House|CAROLYN MALONEY(D) |Referred to the House Committee on Resources.|1998-10-07|https://www.congress.gov/105/bills/hr4722/BILLS-105hr4722ih.pdf
Battered Women's Economic Security Act|105|Senate|Patty Murray(D) |Read twice and referred to the Committee on Judiciary.|1998-10-06|https://www.congress.gov/105/bills/s2558/BILLS-105s2558is.pdf
Women's Health Research and Prevention Amendments of 1998|105|House|MICHAEL BILIRAKIS(R) |Referred to the Subcommittee on Health and Environment.|1998-10-05|https://www.congress.gov/105/bills/hr4683/BILLS-105hr4683ih.pdf
To amend the Internal Revenue Code of 1986 to provide that an individual who leaves employment because of sexual harassment will, for purposes of determining such individual's eligibility for unemployment compensation, be treated as having left such employment for good cause.|105|House|PATSY MINK(D) |Referred to the House Committee on Ways and Means.|1998-10-05|https://www.congress.gov/105/bills/hr4701/BILLS-105hr4701ih.pdf
To provide that in determining the income of beneficiaries for purposes of the so-called minimum-income widows program for certain surviving spouses of military retirees, the Secretary of Defense shall exclude monthly insurance benefits under title II of the Social Security Act.|105|House|JOHN DUNCAN(R) |Executive Comment Requested from DOD.|1998-09-28|https://www.congress.gov/105/bills/hr4582/BILLS-105hr4582ih.pdf
Partial-Birth Abortion Ban Act of 1997|105|House|GERALD SOLOMON(R) |Message on Senate action sent to the House.|1998-09-22|https://www.congress.gov/105/bills/hr1122/BILLS-105hr1122enr.pdf
To provide grants to strengthen State and local health care systems' response to domestic violence by building the capacity of health care professionals and staff to identify, address, and prevent domestic violence.|105|House|NITA LOWEY(D) |Referred to the Subcommittee on Early Childhood, Youth and Families.|1998-09-21|https://www.congress.gov/105/bills/hr4477/BILLS-105hr4477ih.pdf
Late-Term Abortion Limitation Act of 1998|105|Senate|Richard Durbin(D) |Read twice and referred to the Committee on Judiciary.|1998-09-18|https://www.congress.gov/105/bills/s2497/BILLS-105s2497is.pdf
Protection of Children From Sexual Predators Act of 1998|105|Senate|ORRIN HATCH(R) |Read twice and referred to the Committee on Judiciary.|1998-09-17|https://www.congress.gov/105/bills/s2491/BILLS-105s2491is.pdf
Urging that the railroad industry, including rail labor, management and retiree organizations, open discussions for adequately funding an amendment to the Railroad Retirement Act of 1974 to modify the guaranteed minimum benefit for widows and widowers whose annuities are converted from a spouse to a widow or widower annuity.|105|House|JACK QUINN(R) |Subcommittee Hearings Held.|1998-09-17|https://www.congress.gov/105/bills/hconres52/BILLS-105hconres52ih.pdf
Commission on the Advancement of Women and Minorities in Science, Engineering, and Technology Development Act|105|Senate|Olympia Snowe(R) |Read twice and referred to the Committee on Labor and Human Resources.|1998-09-16|https://www.congress.gov/105/bills/s2479/BILLS-105s2479is.pdf
To amend section 106 of the Child Abuse Prevention and Treatment Act and subpart 1 of part B of title IV of the Social Security Act to require States receiving funds under such provisions to have in effect a State law providing for a criminal penalty on an individual who fails to report having knowledge of another individual's commission of a crime of violence or a sex crime against a person under the age of 18.|105|House|MAXINE WATERS(D) |Referred to House Ways and Means|1998-09-15|https://www.congress.gov/105/bills/hr4576/BILLS-105hr4576ih.pdf
A concurrent resolution expressing the sense of Congress concerning the worldwide trafficking of persons, that has a disproportionate impact on women and girls, and is condemned by the international community as a violation of fundamental human rights.|105|Senate|PAUL WELLSTONE(D) |Placed on Senate Legislative Calendar under General Orders. Calendar No. 531.|1998-08-25|https://www.congress.gov/105/bills/sconres82/BILLS-105sconres82rs.pdf
Women's Progress Commemoration Act|105|House|LOUISE SLAUGHTER(D) |Executive Comment Requested from Interior.|1998-08-10|https://www.congress.gov/105/bills/hr4398/BILLS-105hr4398ih.pdf
To modify the boundaries of the George Washington Birthplace National Monument, and for other purposes.|105|House|HERBERT BATEMAN(R) |Forwarded by Subcommittee to Full Committee (Amended) by Voice Vote.|1998-08-06|https://www.congress.gov/105/bills/hr3981/BILLS-105hr3981ih.pdf
To revise the boundary of the Abraham Lincoln Birthplace National Historic Site to include Knob Creek Farm, and for other purposes.|105|House|RON LEWIS(R) |Forwarded by Subcommittee to Full Committee by Voice Vote.|1998-08-06|https://www.congress.gov/105/bills/hr3883/BILLS-105hr3883ih.pdf
To amend the Food Stamp Act of 1977 to define good cause to include demonstrating facts sufficient to show victimization by sexual harassment in violation of title VII of the Civil Rights Act of 1964, for the purpose of determining whether voluntarily quitting a job results in a failure to satisfy the work requirement applicable under section 6(d)(1)(A)(v) of such Act.|105|House|PATSY MINK(D) |Referred to the House Committee on Agriculture.|1998-08-06|https://www.congress.gov/105/bills/hr4487/BILLS-105hr4487ih.pdf
To amend title II of the Social Security Act to provide for full benefits for disabled widows and widowers without regard to age.|105|House|NITA LOWEY(D) |Referred to the House Committee on Ways and Means.|1998-08-06|https://www.congress.gov/105/bills/hr4460/BILLS-105hr4460ih.pdf
To suspend temporarily the duty on the personal effects of participants in, and certain other individuals associated with, the 1999 International Special Olympics, the 1999 Women's World Cup Soccer, the 2001 International Special Olympics, the 2002 Salt Lake City Winter Olympics, and the 2002 Winter Paralympic Games.|105|House|MERRILL COOK(R) |For Further Action See H.R.4342.|1998-08-04|https://www.congress.gov/105/bills/hr4045/BILLS-105hr4045ih.pdf
A bill to award Congressional gold medals to Jean Brown Trickey, Carlotta Walls LaNier, Melba Patillo Beals, Terrence Roberts, Gloria Ray Karlmark, Thelma Mothershed Wair, Ernest Green, Elizabeth Eckford, and Jefferson Thomas, commonly referred collectively as the "Little Rock Nine" on the occasion of the 40th anniversary of the integration of the Central High School in Little Rock, Arkansas.|105|Senate|DALE BUMPERS(D) |Referred to the Subcommittee on Domestic and International Monetary Policy.|1998-07-31|https://www.congress.gov/105/bills/s1283/BILLS-105s1283rfh.pdf
A bill to provide grants to strengthen State and local health care systems' response to domestic violence by building the capacity of health care professionals and staff to identify, address, and prevent domestic violence.|105|Senate|PETE DOMENICI(R) |Read twice and referred to the Committee on Labor and Human Resources.|1998-07-31|https://www.congress.gov/105/bills/s2395/BILLS-105s2395is.pdf
Investment in Women's Health Act of 1998|105|Senate|DANIEL AKAKA(D) |Read twice and referred to the Committee on Finance.|1998-07-30|https://www.congress.gov/105/bills/s2378/BILLS-105s2378is.pdf
A concurrent resolution expressing the sense of Congress concerning the human rights and humanitarian situation facing the women and girls of Afghanistan.|105|Senate|Dianne Feinstein(D) |Referred to the House Committee on International Relations.|1998-07-30|https://www.congress.gov/105/bills/sconres97/BILLS-105sconres97rfh.pdf
To amend title XVIII of the Social Security Act to provide an election for Medicare+Choice organizations to exclude payment for the provision of abortion services under the Medicare Program.|105|House|JIM NUSSLE(R) |Referred to the Subcommittee on Health and Environment, for a period to be subsequently determined by the Chairman.|1998-07-28|https://www.congress.gov/105/bills/hr4228/BILLS-105hr4228ih.pdf
Providing for consideration of the bill (H.R. 3682) to amend title 18, United States Code, to prohibit taking minors across State lines to avoid laws requiring the involvement of parents in abortion decisions.|105|House|SUE MYRICK(R) |Motion to reconsider laid on the table Agreed to without objection.|1998-07-15|https://www.congress.gov/105/bills/hres499/BILLS-105hres499eh.pdf
Investment in Women's Health Act of 1998|105|House|NEIL ABERCROMBIE(D) |Referred to the Subcommittee on Health and Environment.|1998-06-30|https://www.congress.gov/105/bills/hr4092/BILLS-105hr4092ih.pdf
To amend the Internal Revenue Code of 1986 to exclude from gross income amounts received under State programs providing compensation for birth-related injuries.|105|House|THOMAS BLILEY(R) |Sponsor introductory remarks on measure. (CR E1262-1263)|1998-06-26|https://www.congress.gov/105/bills/hr4139/BILLS-105hr4139ih.pdf
Women's Small Business Expansion Act of 1998|105|House|NYDIA VELAZQUEZ(D) |Ordered to be Reported by Voice Vote.|1998-06-25|https://www.congress.gov/105/bills/hr4078/BILLS-105hr4078ih.pdf
A bill to amend the Small Business Act to increase the authorized funding level for women's business centers.|105|Senate|MAX CLELAND(D) |Star Print ordered on the bill.|1998-06-18|https://www.congress.gov/105/bills/s2157/BILLS-105s2157is.pdf
Forced Abortion Condemnation Act|105|House|TILLIE FOWLER(R) |Subcommittee on East Asian and Pacific Affairs. Hearings held.|1998-06-18|https://www.congress.gov/105/bills/hr2570/BILLS-105hr2570rfs.pdf
To amend the Small Business Act to increase the authorized funding level for women's business centers.|105|House|JUANITA MILLENDER-MCDONALD(D) |Referred to the House Committee on Small Business.|1998-06-18|https://www.congress.gov/105/bills/hr4086/BILLS-105hr4086ih.pdf
Providing for consideration of the bill (H.R. 3494) to amend title 18, United States Code, with respect to violent sex crimes against children, and for other purposes.|105|House|DEBORAH PRYCE(R) |Motion to reconsider laid on the table Agreed to without objection.|1998-06-11|https://www.congress.gov/105/bills/hres465/BILLS-105hres465eh.pdf
To amend the Immigration and Nationality Act to facilitate the immigration to the United States of certain aliens born in the Philippines or Japan who were fathered by United States citizens.|105|House|JUANITA MILLENDER-MCDONALD(D) |Sponsor introductory remarks on measure. (CR H4300)|1998-06-09|https://www.congress.gov/105/bills/hr2540/BILLS-105hr2540ih.pdf
To amend the Omnibus Crime Control and Safe Streets Act of 1968 to reauthorize funding for the grant program to encourage arrest policies in dealing with domestic violence.|105|House|Debbie Stabenow(D) |Referred to the Subcommittee on Crime.|1998-05-26|https://www.congress.gov/105/bills/hr3901/BILLS-105hr3901ih.pdf
Older Women's Protection From Violence Act of 1998|105|Senate|Richard Durbin(D) |Read twice and referred to the Committee on Labor and Human Resources.|1998-05-22|https://www.congress.gov/105/bills/s2114/BILLS-105s2114is.pdf
Violence Against Women Act II|105|Senate|JOSEPH BIDEN(D) |Read twice and referred to the Committee on Judiciary.|1998-05-21|https://www.congress.gov/105/bills/s2110/BILLS-105s2110is.pdf
A joint resolution proposing an amendment to the Constitution of the United States relative to equal rights for women and men.|105|Senate|EDWARD KENNEDY(D) |Referred to Subcommittee on Constitution, Federalism, Property.|1998-05-15|https://www.congress.gov/105/bills/sjres24/BILLS-105sjres24is.pdf
Post-Viability Abortion Restriction Act|105|Senate|Dianne Feinstein(D) |Referred to Subcommittee on Constitution, Federalism, Property.|1998-05-15|https://www.congress.gov/105/bills/s481/BILLS-105s481is.pdf
Women's Health and Cancer Rights Act of 1997|105|Senate|ALFONSE D'AMATO(R) |Sponsor introductory remarks on measure. (CR S4875-4876)|1998-05-14|https://www.congress.gov/105/bills/s249/BILLS-105s249is.pdf
A resolution to commemorate and acknowledge the dedication and sacrifice made by the men and women who have lost their lives while serving as law enforcement officers.|105|Senate|DIRK KEMPTHORNE(R) |Resolution agreed to in Senate without amendment and with a preamble by Unanimous Consent. (consideration: CR S4747)|1998-05-12|https://www.congress.gov/105/bills/sres201/BILLS-105sres201ats.pdf
Safe and Healthy Motherhood Act of 1998|105|House|HENRY HYDE(R) |Referred to the House Committee on Ways and Means.|1998-05-12|https://www.congress.gov/105/bills/hr3837/BILLS-105hr3837ih.pdf
To amend the Family Violence Prevention and Services Act to reauthorize the national toll-free telephone domestic violence hotline.|105|House|CONSTANCE MORELLA(R) |Referred to the Subcommittee on Early Childhood, Youth and Families.|1998-05-08|https://www.congress.gov/105/bills/hr3699/BILLS-105hr3699ih.pdf
A bill to suspend temporarily the duty on the personal effects of participants in, and certain other individuals associated with, the 1999 International Special Olympics, the 1999 Women's World Cup Soccer, the 2001 International Special Olympics, the 2002 Salt Lake City Winter Olympics, and the 2002 Winter Paralympic Games.|105|Senate|ORRIN HATCH(R) |Read twice and referred to the Committee on Finance.|1998-05-07|https://www.congress.gov/105/bills/s2047/BILLS-105s2047is.pdf
Battered Women's Shelters and Services Act|105|House|NITA LOWEY(D) |Referred to the Subcommittee on Early Childhood, Youth and Families.|1998-05-05|https://www.congress.gov/105/bills/hr3665/BILLS-105hr3665ih.pdf
Older Women's Protection From Violence Act of 1998|105|House|CAROLYN MALONEY(D) |Referred to the Subcommittee on Early Childhood, Youth and Families.|1998-05-05|https://www.congress.gov/105/bills/hr3624/BILLS-105hr3624ih.pdf
Violence Against Women Act of 1998|105|House|JOHN CONYERS(D) |Referred to the Subcommittee on Employer-Employee Relations.|1998-05-05|https://www.congress.gov/105/bills/hr3514/BILLS-105hr3514ih.pdf
Protection from Sexual Predators Act of 1997|105|House|LOUISE SLAUGHTER(D) |Subcommittee Hearings Held.|1998-04-30|https://www.congress.gov/105/bills/hr305/BILLS-105hr305ih.pdf
Expressing the sense of the Congress that each State should enact legislation regarding notification procedures necessary when a sexually violent offender is released.|105|House|GIL GUTKNECHT(R) |Subcommittee Hearings Held.|1998-04-30|https://www.congress.gov/105/bills/hconres125/BILLS-105hconres125ih.pdf
Expressing the sense of the Congress that the Federal Government should acknowledge the importance of at-home parents and should not discriminate against families who forego a second income in order for a mother or father to be at home with their children.|105|House|BILL GOODLING(R) |Read twice and referred to the Committee on Labor and Human Resources.|1998-04-29|https://www.congress.gov/105/bills/hconres202/BILLS-105hconres202rfs.pdf
Child Protection and Sexual Predator Punishment Act of 1998|105|Senate|MICHAEL DEWINE(R) |Read twice and referred to the Committee on Judiciary.|1998-04-24|https://www.congress.gov/105/bills/s1987/BILLS-105s1987is.pdf
Expressing the sense of Congress concerning the worldwide trafficking of persons, that has a disproportionate impact on women and girls, and is condemned by the international community as a violation of fundamental human rights.|105|House|LOUISE SLAUGHTER(D) |Referred to the Subcommittee on International Operations and Human Rights.|1998-04-22|https://www.congress.gov/105/bills/hconres239/BILLS-105hconres239ih.pdf
Birth Defects Prevention Act of 1998|105|Senate|CHRISTOPHER BOND(R) |Became Public Law No: 105-168.|1998-04-21|https://www.congress.gov/105/bills/s419/BILLS-105s419enr.pdf
Birth Defects Prevention Act of 1997|105|House|SOLOMON ORTIZ(D) |See S.419.|1998-04-21|https://www.congress.gov/105/bills/hr1114/BILLS-105hr1114ih.pdf
New Mothers' Breastfeeding Promotion and Protection Act of 1998|105|House|CAROLYN MALONEY(D) |Referred to the Subcommittee on Early Childhood, Youth and Families.|1998-04-17|https://www.congress.gov/105/bills/hr3531/BILLS-105hr3531ih.pdf
Expressing the sense of the Congress that a commemorative postage stamp should be issued honoring Paul Leroy Robeson, and that the Citizens' Stamp Advisory Committee should recommend to the Postmaster General in 1998, during which occurs the 100th anniversary of Paul Robeson's birth, that such a stamp be issued.|105|House|BOBBY RUSH(D) |Referred to the Subcommittee on Postal Service.|1998-04-03|https://www.congress.gov/105/bills/hconres260/BILLS-105hconres260ih.pdf
A resolution expressing the sense of the Senate that the University of Tennessee Lady Volunteers basketball team is the new dynasty in collegiate women's basketball.|105|Senate|WILLIAM FRIST(R) |Submitted in the Senate, considered, and agreed to without amendment and with a preamble by Unanimous Consent. (consideration: CR S2826-2827)|1998-03-31|https://www.congress.gov/105/bills/sres203/BILLS-105sres203ats.pdf
Expressing the sense of the House of Representatives that the Secretary of Health and Human Services should carry out a national public awareness campaign to educate American men and women with respect to colorectal cancer.|105|House|LOUISE SLAUGHTER(D) |Referred to the Subcommittee on Health and Environment.|1998-03-31|https://www.congress.gov/105/bills/hres359/BILLS-105hres359ih.pdf
A bill to amend the Harmonized Tariff Schedule of the United States to suspend temporarily the duty on personal effects of participants in the 1999 Women's World Cup.|105|Senate|DANIEL MOYNIHAN(D) |Read twice and referred to the Committee on Finance.|1998-03-24|https://www.congress.gov/105/bills/s1826/BILLS-105s1826is.pdf
Expressing the sense of the House of Representatives with respect to the protection of reproductive health services clinics.|105|House|NITA LOWEY(D) |Referred to the Subcommittee on Crime.|1998-03-17|https://www.congress.gov/105/bills/hres358/BILLS-105hres358ih.pdf
To prohibit discrimination and preferential treatment on the basis of race, sex, color, national origin, or ethnicity in connection with admission to an institution of higher education participating in any program authorized under the Higher Education Act of 1965.|105|House|FRANK RIGGS(R) |Referred to the Subcommittee on Postsecondary Education, Training and Life-Long Learning.|1998-03-16|https://www.congress.gov/105/bills/hr3330/BILLS-105hr3330ih.pdf
Women's Higher Education Opportunity Act of 1998|105|House|DALE KILDEE(D) |Referred to the Subcommittee on Postsecondary Education, Training and Life-Long Learning.|1998-03-16|https://www.congress.gov/105/bills/hr3293/BILLS-105hr3293ih.pdf
Expressing the sense of the House of Representatives regarding Government procurement access for women-owned businesses.|105|House|SUE KELLY(R) |Sponsor introductory remarks on measure. (CR H929)|1998-03-10|https://www.congress.gov/105/bills/hres313/BILLS-105hres313ih.pdf
Women's Cardiovascular Diseases Research and Prevention Act|105|Senate|BARBARA BOXER(D) |Sponsor introductory remarks on measure. (CR S1515)|1998-03-06|https://www.congress.gov/105/bills/s349/BILLS-105s349is.pdf
A concurrent resolution urging that the railroad industry, including rail labor, management and retiree organization, open discussions for adequately funding an amendment to the Railroad Retirement Act of 1974 to modify the guaranteed minimum benefit for widows and widowers whose annuities are converted from a spouse to a widow or widower annuity.|105|Senate|CAROL MOSELEY-BRAUN(D) |Referred to the Committee on Labor and Human Resources.|1998-03-05|https://www.congress.gov/105/bills/sconres80/BILLS-105sconres80is.pdf
A concurrent resolution expressing the sense of the Congress that the Federal government should acknowledge the importance of at-home parents and should not discriminate against families who forego a second income in order for a mother or father to be at home with their children.|105|Senate|Jeff Sessions(R) |Star Print ordered on the Concurrent Resolution.|1998-03-04|https://www.congress.gov/105/bills/sconres77/BILLS-105sconres77is.pdf
A resolution honoring the 150th anniversary of the United States Women's Rights Movement that was initiated by the 1848 Women's Rights Convention held in Seneca Falls, New York, and calling for a national celebration of women's rights in 1998.|105|Senate|ROBERT TORRICELLI(D) |Referred to the Committee on Judiciary.|1998-03-03|https://www.congress.gov/105/bills/sres189/BILLS-105sres189is.pdf
To establish a national registry from which adopted children may obtain medical information voluntarily provided by their birth parents.|105|House|Charles Schumer(D) |Referred to the Subcommittee on Human Resources.|1998-02-20|https://www.congress.gov/105/bills/hr3237/BILLS-105hr3237ih.pdf
Women's Rights National Historic Trail Act of 1998|105|House|LOUISE SLAUGHTER(D) |Executive Comment Requested from Interior.|1998-02-19|https://www.congress.gov/105/bills/hr3240/BILLS-105hr3240ih.pdf
A resolution expressing the sense of the Senate with respect to the protection of reproductive health services clinics.|105|Senate|BARBARA BOXER(D) |Referred to the Committee on Judiciary.|1998-02-05|https://www.congress.gov/105/bills/sres173/BILLS-105sres173is.pdf
To direct the Secretary of the Interior to convey to the St. Jude's Ranch for Children, Nevada, approximately 40 acres of land in Las Vegas, Nevada, to be used for the development of facilities for the residential care and treatment of adjudicated girls.|105|House|JOHN ENSIGN(R) |Subcommittee Hearings Held.|1998-02-05|https://www.congress.gov/105/bills/hr2989/BILLS-105hr2989ih.pdf
A consurrent resolution expressing the sense of Congress that the museum entitled "The Women's Museum: An Institute for the Future"' in Dallas, Texas, be designated as millennium project for the United States.|105|Senate|KAY HUTCHISON(R) |Referred to the Subcommittee on Early Childhood, Youth and Families.|1997-12-10|https://www.congress.gov/105/bills/sconres67/BILLS-105sconres67rfh.pdf
Mother Teresa Religious Worker Act of 1997|105|House|ZOE LOFGREN(D) |For Further Action See S.1198.|1997-12-05|https://www.congress.gov/105/bills/hr2491/BILLS-105hr2491ih.pdf
A bill to provide for the establishment of not less than 2,500 Boys and Girls Clubs of America facilities by the year 2000.|105|Senate|ORRIN HATCH(R) |Became Public Law No: 105-133.|1997-12-02|https://www.congress.gov/105/bills/s476/BILLS-105s476enr.pdf
Expressing the sense of Congress that the museum to be known as "The Women's Museum: An Institute for the Future", in Dallas, Texas, should be designated as a Millennium Project for the United States.|105|House|EDDIE JOHNSON(D) |Referred to the Subcommittee on Early Childhood, Youth and Families.|1997-11-25|https://www.congress.gov/105/bills/hconres187/BILLS-105hconres187ih.pdf
To amend the Public Health Service Act, the Employee Retirement Income Security Act of 1974, and the Internal Revenue Code of 1986 to require group health plans and group and individual health insurance coverage to provide post-delivery follow-up care for mothers and newborns discharged less than 48 hours following a vaginal delivery or less than 96 following a delivery by cesarean section.|105|House|STEVEN LATOURETTE(R) |Referred to the Subcommittee on Employer-Employee Relations.|1997-11-25|https://www.congress.gov/105/bills/hr2854/BILLS-105hr2854ih.pdf
Expressing the sense of Congress in support of National Days of Dialogue associated with the national celebration of the birth of Dr. Martin Luther King, Jr. to improve understanding and cooperation across race, ethnicity, culture, gender, religion and creed.|105|House|JANE HARMAN(D) |Referred to the Subcommittee on the Constitution.|1997-11-18|https://www.congress.gov/105/bills/hconres195/BILLS-105hconres195ih.pdf
To authorize the President to award a gold medal on behalf of the Congress honoring Wilma G. Rudolph in recognition of her enduring contributions to humanity and women's athletics in the United States and the world.|105|House|CAROLYN KILPATRICK(D) |Referred to the Subcommittee on Domestic and International Monetary Policy.|1997-11-14|https://www.congress.gov/105/bills/hr2717/BILLS-105hr2717ih.pdf
A resolution expressing the sense of the Senate on the 100th anniversary of the birth of Dorothy Day and designating the week of November 8, 1997, through November 14, 1997, as "National Week of Recognition for Dorothy Day and Those Whom She Served".|105|Senate|DANIEL MOYNIHAN(D) |Submitted in the Senate, considered, and agreed to without amendment and with a preamble by Unanimous Consent. (consideration: CR S12707-12710)|1997-11-13|https://www.congress.gov/105/bills/sres163/BILLS-105sres163ats.pdf
A bill to specify the frequency of screening mammograms provided to women veterans by the Department of Veterans Affairs.|105|Senate|ARLEN SPECTER(R) |Placed on Senate Legislative Calendar under General Orders. Calendar No. 297.|1997-11-13|https://www.congress.gov/105/bills/s999/BILLS-105s999rs.pdf
To provide for the establishment of not less than 2,500 Boys and Girls Clubs of America facilities by the year 2000.|105|House|HENRY HYDE(R) |Laid on the table. See S. 476 for further action. (consideration: CR  H10874)|1997-11-13|https://www.congress.gov/105/bills/hr1753/BILLS-105hr1753rh.pdf
To amend the Communications Act of 1934 to prohibit Internet service providers from providing accounts to sexually violent predators.|105|House|MARGE ROUKEMA(R) |Referred to the Subcommittee on Telecommunications, Trade, and Consumer Protection.|1997-11-09|https://www.congress.gov/105/bills/hr2791/BILLS-105hr2791ih.pdf
Cuban Women and Children Humanitarian Relief Act|105|Senate|CHRISTOPHER DODD(D) |Read twice and referred to the Committee on Banking.|1997-11-06|https://www.congress.gov/105/bills/s1391/BILLS-105s1391is.pdf
A bill to amend the Communications Act of 1934 to prohibit Internet service providers from providing accounts to sexually violent predators.|105|Senate|DUNCAN FAIRCLOTH(R) |Read twice and referred to the Committee on Commerce.|1997-10-31|https://www.congress.gov/105/bills/s1356/BILLS-105s1356is.pdf
Providing for the consideration of the Senate amendments to the bill (H.R. 1122) to amend title 18, United States Code, to ban partial-birth abortions.|105|House|SUE MYRICK(R) |Motion to reconsider laid on the table Agreed to without objection.|1997-10-08|https://www.congress.gov/105/bills/hres262/BILLS-105hres262eh.pdf
To amend the Civil Rights Act of 1964 to prohibit discrimination on the basis of sex in programs receiving Federal financial assistance.|105|House|BARNEY FRANK(D) |Referred to the Subcommittee on the Constitution.|1997-09-26|https://www.congress.gov/105/bills/hr2522/BILLS-105hr2522ih.pdf
Jacob Wetterling Crimes Against Children and Sexually Violent Offenders Registration Improvements Act of 1997|105|House|BILL MCCOLLUM(R) |Received in the Senate and read twice and referred to the Committee on Judiciary.|1997-09-24|https://www.congress.gov/105/bills/hr1683/BILLS-105hr1683rfs.pdf
Expressing the condolences of the House of Representatives on the death of Mother Teresa of Calcutta.|105|House|DAN BURTON(R) |Motion to reconsider laid on the table Agreed to without objection.|1997-09-11|https://www.congress.gov/105/bills/hres227/BILLS-105hres227ath.pdf
Expressing the condolences of the House of Representatives on the death of Mother Teresa of Calcutta.|105|House|ANNE NORTHUP(R) |Referred to the House Committee on International Relations.|1997-09-10|https://www.congress.gov/105/bills/hres226/BILLS-105hres226ih.pdf
A resolution expressing the sense of the Senate on the occasion of the death of Mother Teresa of Calcutta.|105|Senate|DONALD NICKLES(R) |Resolution agreed to in Senate without amendment and with a preamble by Yea-Nay Vote. 98-0. Record Vote No: 222.|1997-09-09|https://www.congress.gov/105/bills/sres120/BILLS-105sres120ats.pdf
Concerning the death of Mother Teresa.|105|House|DAN BURTON(R) |Referred to the House Committee on International Relations.|1997-09-09|https://www.congress.gov/105/bills/hres223/BILLS-105hres223ih.pdf
National Women's Business Council Reauthorization Act of 1997|105|House|JUANITA MILLENDER-MCDONALD(D) |Referred to the House Committee on Small Business.|1997-09-03|https://www.congress.gov/105/bills/hr2389/BILLS-105hr2389ih.pdf
A resolution congratulating the Federal Mediation and Conciliation Service on the occasion of its fiftieth anniversary and commending the many men and women of the Federal Mediation and Conciliation Service who have served the Nation's labor-management community and the American people.|105|Senate|JAMES JEFFORDS(R) |Submitted in the Senate, considered, and agreed to without amendment and with a preamble by Unanimous Consent. (consideration: CR S8674)|1997-09-02|https://www.congress.gov/105/bills/sres117/BILLS-105sres117ats.pdf
Expressing the sense of the Congress concerning the world-wide trafficking of women and girls, whereby women and girls are coerced, abducted, or deceived into migrating within or across national borders, and particularly the trafficking of Burmese women and girls in Thailand for the purposes of forced prostitution.|105|House|LOUISE SLAUGHTER(D) |Referred to the Subcommittee on International Operations and Human Rights.|1997-08-21|https://www.congress.gov/105/bills/hconres114/BILLS-105hconres114ih.pdf
A bill to amend the Immigration and Nationality Technical Corrections Act of 1994 to eliminate the special transition rule for issuance of a certificate of citizenship for certain children born outside the United States.|105|Senate|SPENCER ABRAHAM(R) |Became Public Law No: 105-38.|1997-08-08|https://www.congress.gov/105/bills/s670/BILLS-105s670enr.pdf
Domestic Violence Victims Housing Act|105|Senate|PAUL WELLSTONE(D) |Read twice and referred to the Committee on Banking.|1997-07-31|https://www.congress.gov/105/bills/s1128/BILLS-105s1128is.pdf
To amend the Omnibus Crime Control and Safe Streets Act of 1968 to ensure that States do not require registration of individuals convicted of an offense that involves consensual sexual activity between individuals 18 years of age or older.|105|House|Charles Schumer(D) |Referred to the Subcommittee on Crime.|1997-07-31|https://www.congress.gov/105/bills/hr2256/BILLS-105hr2256ih.pdf
To provide that the firearms prohibitions applicable by reason of a domestic violence misdemeanor conviction do not apply to a government official engaged in official conduct while on duty.|105|House|GERALD KLECZKA(D) |Referred to the Subcommittee on Crime.|1997-07-31|https://www.congress.gov/105/bills/hr2255/BILLS-105hr2255ih.pdf
Veterans Sexual Trauma Treatment Act|105|House|LUIS GUTIERREZ(D) |Referred to the Subcommittee on Health.|1997-07-30|https://www.congress.gov/105/bills/hr2253/BILLS-105hr2253ih.pdf
To amend the Immigration and Nationality Technical Corrections Act of 1994 to eliminate the special transition rule for issuance of a certificate of citizenship for certain children born outside the United States.|105|House|BILL MCCOLLUM(R) |Laid on the table. See S. 670 for further action. (consideration: CR  H5865)|1997-07-28|https://www.congress.gov/105/bills/hr1109/BILLS-105hr1109ih.pdf
Celebrating the accomplishments of title IX of the Education Act Amendments of 1972, and recognizing the need to continue pursuing the goal of educational opportunities for women and girls.|105|House|PATSY MINK(D) |Referred to the Subcommittee on Postsecondary Education, Training and Life-Long Learning.|1997-07-22|https://www.congress.gov/105/bills/hconres103/BILLS-105hconres103ih.pdf
Women's Cardiovascular Diseases Research and Prevention Act|105|House|MAXINE WATERS(D) |Referred to the Subcommittee on Health and Environment.|1997-07-18|https://www.congress.gov/105/bills/hr2130/BILLS-105hr2130ih.pdf
A bill to amend provisions of law governing benefits for certain children of Vietnam veterans who are born with spina bifida, and for other purposes.|105|Senate|ARLEN SPECTER(R) |Read twice and referred to the Committee on Veterans Affairs.|1997-07-15|https://www.congress.gov/105/bills/s1018/BILLS-105s1018is.pdf
Racial and Gender Preference Reform Act|105|House|TOM CAMPBELL(R) |Referred to the Subcommittee on the Constitution.|1997-07-09|https://www.congress.gov/105/bills/hr2079/BILLS-105hr2079ih.pdf
A concurrent resolution urging the United States Postal Service to issue a commemorative postage stamp to celebrate the 150th anniversary of the first Women's Rights Convention held in Seneca Falls, New York.|105|Senate|DANIEL MOYNIHAN(D) |Referred to the Committee on Governmental Affairs.|1997-06-27|https://www.congress.gov/105/bills/sconres35/BILLS-105sconres35is.pdf
Honoring the inaugural season of the United States women's professional basketball leagues.|105|House|CORRINE BROWN(D) |Referred to the House Committee on Education and the Workforce.|1997-06-20|https://www.congress.gov/105/bills/hres173/BILLS-105hres173ih.pdf
Pregnant Mothers and Infants Health Protection Act of 1997|105|Senate|CHRISTOPHER BOND(R) |Read twice and referred to the Committee on Labor and Human Resources.|1997-06-19|https://www.congress.gov/105/bills/s938/BILLS-105s938is.pdf
Access to Women's Health Care Act of 1997|105|House|NITA LOWEY(D) |Referred to the Subcommittee on Health and Environment.|1997-06-18|https://www.congress.gov/105/bills/hr1737/BILLS-105hr1737ih.pdf
Expressing the sense of the House of Representatives that the Senate should ratify the Convention on the Elimination of All Forms of Discrimination Against Women.|105|House|LYNN WOOLSEY(D) |Sponsor introductory remarks on measure. (CR E1251-1252)|1997-06-18|https://www.congress.gov/105/bills/hres96/BILLS-105hres96ih.pdf
A bill to provide authority for women' business centers to enter into contracts with Federal departments and agencies to provide specific assistance to women and other under-served small business concerns.|105|Senate|PAUL COVERDELL(R) |Read twice and referred to the Committee on Small Business.|1997-06-17|https://www.congress.gov/105/bills/s925/BILLS-105s925is.pdf
Women's Business Centers Act of 1997|105|Senate|PETE DOMENICI(R) |Read twice and referred to the Committee on Small Business.|1997-06-12|https://www.congress.gov/105/bills/s888/BILLS-105s888is.pdf
To amend the Small Business Act to increase the annual Government-wide goal from 20 percent to 25 percent for procurement contracts awarded to small business concerns, small business concerns owned and controlled by socially and economically disadvantaged individuals, and small business concerns owned and controlled by women.|105|House|ALBERT WYNN(D) |Referred to the House Committee on Small Business.|1997-06-05|https://www.congress.gov/105/bills/hr1824/BILLS-105hr1824ih.pdf
Expressing the sense of the Congress that a national summit of sports, political, community, and media leaders should be promptly convened to develop a multifaceted action plan to deter acts of violence, especially domestic violence and sexual assault.|105|House|Bernard Sanders(I) |Sponsor introductory remarks on measure. (CR E1095-1096)|1997-06-03|https://www.congress.gov/105/bills/hconres29/BILLS-105hconres29ih.pdf
To authorize the President to award a gold medal on behalf of the Congress to Mother Teresa of Calcutta in recognition of her outstanding and enduring contributions through humanitarian and charitable activities, and for other purposes.|105|House|JON CHRISTENSEN(R) |Became Public Law No: 105-16.|1997-06-02|https://www.congress.gov/105/bills/hr1650/BILLS-105hr1650enr.pdf
Teenage Pregnancy Reduction Act of 1997|105|House|NITA LOWEY(D) |Referred to the Subcommittee on Health and Environment.|1997-06-02|https://www.congress.gov/105/bills/hr1736/BILLS-105hr1736ih.pdf
A resolution designating August 16, 1997, as "National Airborne Day".|105|Senate|JAMES THURMOND(R) |Referred to the Committee on Judiciary.|1997-06-02|https://www.congress.gov/105/bills/sres95/BILLS-105sres95is.pdf
A resolution proclaiming a nationwide moment of remembrance, to be observed on Memorial Day, May 26, 1997, in order to appropriately honor American patriots lost in the pursuit of peace of liberty around the world.|105|Senate|JAMES THURMOND(R) |Star Print ordered on the resolution as agreed to.|1997-06-02|https://www.congress.gov/105/bills/sres76/BILLS-105sres76ats.pdf
A bill to revise the boundary of the Abraham Lincoln Birthplace National Historic Site in Larue County, Kentucky, and for other purposes.|105|Senate|WENDELL FORD(D) |Committee on Energy and Natural Resources requested executive comment from Department of the Interior, and Office of Management and Budget.|1997-05-23|https://www.congress.gov/105/bills/s312/BILLS-105s312is.pdf
Women and AIDS Research Initiative Amendments of 1997|105|House|CONSTANCE MORELLA(R) |Referred to the Subcommittee on Health and Environment.|1997-05-21|https://www.congress.gov/105/bills/hr1571/BILLS-105hr1571ih.pdf
New Jersey Women's Environmental Health Act|105|House|RODNEY FRELINGHUYSEN(R) |Referred to the Subcommittee on Health and Environment.|1997-05-21|https://www.congress.gov/105/bills/hr1413/BILLS-105hr1413ih.pdf
Women's Business Centers Act of 1997|105|House|NANCY JOHNSON(R) |Referred to the House Committee on Small Business.|1997-05-21|https://www.congress.gov/105/bills/hr1693/BILLS-105hr1693ih.pdf
A concurrent resolution to permit the use of the rotunda of the Capitol for a congressional ceremony honoring Mother Teresa.|105|Senate|SAM BROWNBACK(R) |Motion to reconsider laid on the table Agreed to without objection.|1997-05-20|https://www.congress.gov/105/bills/sconres26/BILLS-105sconres26enr.pdf
Jacob Wetterling Crimes Against Children and Sexually Violent Offenders Registration Improvements Act of 1997|105|Senate|Judd Gregg(R) |Read twice and referred to the Committee on Judiciary.|1997-05-20|https://www.congress.gov/105/bills/s767/BILLS-105s767is.pdf
Sexual Harassment Accountability Act of 1997|105|Senate|Olympia Snowe(R) |Read twice and referred to the Committee on Armed Services.|1997-05-16|https://www.congress.gov/105/bills/s762/BILLS-105s762is.pdf
A bill to ensure the continuation of gender-integrated training in the Armed Forces.|105|Senate|Olympia Snowe(R) |Read twice and referred to the Committee on Armed Services.|1997-05-16|https://www.congress.gov/105/bills/s760/BILLS-105s760is.pdf
Mom and Pop Protection Act|105|House|JOSEPH KENNEDY(D) |Referred to the Subcommittee on Commercial and Administrative Law.|1997-05-05|https://www.congress.gov/105/bills/hr1444/BILLS-105hr1444ih.pdf
Employer Liability for Gender-Related Violence Act of 1997|105|House|CAROLYN MALONEY(D) |Referred to the Subcommittee on Crime.|1997-05-05|https://www.congress.gov/105/bills/hr1332/BILLS-105hr1332ih.pdf
Healthy Mothers, Healthy Children Act of 1997|105|House|GARY ACKERMAN(D) |Referred to the Subcommittee on Crime.|1997-05-05|https://www.congress.gov/105/bills/hr1229/BILLS-105hr1229ih.pdf
A bill to authorize the President to award a gold medal on behalf of the Congress to Mother Teresa of Calcutta in recognition of her outstanding and enduring contributions through humanitarian and charitable activities, and for other purposes.|105|Senate|SAM BROWNBACK(R) |Read twice and referred to the Committee on Banking.|1997-05-01|https://www.congress.gov/105/bills/s689/BILLS-105s689is.pdf
Women's Investment and Savings Equity Act of 1997|105|House|BILL MCCOLLUM(R) |Referred to the House Committee on Ways and Means.|1997-04-30|https://www.congress.gov/105/bills/hr1496/BILLS-105hr1496ih.pdf
Minority and Women Capital Formation Act of 1997|105|Senate|ARLEN SPECTER(R) |Read twice and referred to the Committee on Finance.|1997-04-23|https://www.congress.gov/105/bills/s635/BILLS-105s635is.pdf
New Jersey Women's Environmental Health Act|105|Senate|ROBERT TORRICELLI(D) |Read twice and referred to the Committee on Labor and Human Resources.|1997-04-23|https://www.congress.gov/105/bills/s631/BILLS-105s631is.pdf
Women's Pension Equity Act of 1997|105|House|NITA LOWEY(D) |Referred to the Subcommittee on Employer-Employee Relations.|1997-04-21|https://www.congress.gov/105/bills/hr1105/BILLS-105hr1105ih.pdf
Women's Investment and Savings Equity Act of 1997|105|Senate|Judd Gregg(R) |Read twice and referred to the Committee on Finance.|1997-04-17|https://www.congress.gov/105/bills/s620/BILLS-105s620is.pdf
To provide that if an employer provides additional leave to a parent for the birth such employer shall provide the same leave to a parent for an adopted child or a foster child.|105|House|ELEANOR NORTON(D) |Referred to the Subcommittee on Employer-Employee Relations.|1997-04-14|https://www.congress.gov/105/bills/hr1113/BILLS-105hr1113ih.pdf
To record place of birth as Jerusalem, Israel, for purposes of United States passports.|105|House|NITA LOWEY(D) |Referred to the House Committee on International Relations.|1997-04-10|https://www.congress.gov/105/bills/hr1298/BILLS-105hr1298ih.pdf
Partial-Birth Abortion Ban Act of 1997|105|House|CHARLES CANADY(R) |Sponsor introductory remarks on measure. (CR E585-586)|1997-04-08|https://www.congress.gov/105/bills/hr929/BILLS-105hr929rh.pdf
Proposing an amendment to the Constitution of the United States relative to equal rights for men and women.|105|House|CAROLYN MALONEY(D) |Referred to the Subcommittee on the Constitution.|1997-04-02|https://www.congress.gov/105/bills/hjres66/BILLS-105hjres66ih.pdf
To commemorate the birthday of Cesar E. Chavez.|105|House|BOB FILNER(D) |Referred to the Subcommittee on Civil Service.|1997-03-25|https://www.congress.gov/105/bills/hjres65/BILLS-105hjres65ih.pdf
Supporting the commitments of the United States announced at the United Nations Fourth World Conference on Women, held in Beijing, China, in September 1995.|105|House|CAROLYN MALONEY(D) |Referred to the Subcommittee on International Operations and Human Rights.|1997-03-21|https://www.congress.gov/105/bills/hconres39/BILLS-105hconres39ih.pdf
Late Term Abortion Restriction Act|105|House|STENY HOYER(D) |Referred to the Subcommittee on Health and Environment.|1997-03-21|https://www.congress.gov/105/bills/hr1032/BILLS-105hr1032ih.pdf
Women's Health Office Act of 1997|105|House|CONSTANCE MORELLA(R) |Referred to the Subcommittee on Health and Environment.|1997-03-21|https://www.congress.gov/105/bills/hr920/BILLS-105hr920ih.pdf
HHS Women Scientist Employment Opportunity Act|105|Senate|BARBARA MIKULSKI(D) |Read twice and referred to the Committee on Labor and Human Resources.|1997-03-20|https://www.congress.gov/105/bills/s487/BILLS-105s487is.pdf
Domestic Violence Legal Services Eligibility Act|105|House|NANCY PELOSI(D) |Referred to the Subcommittee on Commercial and Administrative Law.|1997-03-20|https://www.congress.gov/105/bills/hr1076/BILLS-105hr1076ih.pdf
Providing for consideration of the bill (H.R. 1122) to amend title 18, United States Code, to ban partial-birth abortions.|105|House|SUE MYRICK(R) |Motion to reconsider laid on the table Agreed to without objection.|1997-03-20|https://www.congress.gov/105/bills/hres100/BILLS-105hres100eh.pdf
A bill to amend the Immigration and Nationality Act to facilitate the immigration to the United States of certain aliens born in the Philippines or Japan who were fathered by United States citizens.|105|Senate|DANIEL INOUYE(D) |Referred to Subcommittee on Immigration.|1997-03-19|https://www.congress.gov/105/bills/s111/BILLS-105s111is.pdf
Battered Women's Employment Protection Act|105|House|LUCILLE ROYBAL-ALLARD(D) |Referred to the Subcommittee on Employer-Employee Relations.|1997-03-14|https://www.congress.gov/105/bills/hr851/BILLS-105hr851ih.pdf
Domestic Violence Victims Housing Act|105|House|BARNEY FRANK(D) |Referred to the Subcommittee on Housing and Community Opportunity.|1997-03-14|https://www.congress.gov/105/bills/hr871/BILLS-105hr871ih.pdf
Partial-Birth Abortion Ban Act of 1997|105|Senate|RICK SANTORUM(R) |Committee on Judiciary. Hearings held. Hearings printed: S.Hrg. 105-90.|1997-03-11|https://www.congress.gov/105/bills/s6/BILLS-105s6is.pdf
Proposing an amendment to the Constitution of the United States to provide that no person born in the United States will be a United States citizen on account of birth in the United States unless a parent is a United States citizen at the time of the birth.|105|House|H. CALLAHAN(R) |Referred to the Subcommittee on the Constitution.|1997-03-11|https://www.congress.gov/105/bills/hjres60/BILLS-105hjres60ih.pdf
Domestic Violence Identification and Referral Act of 1997|105|House|CONSTANCE MORELLA(R) |Referred to the Subcommittee on Health and Environment.|1997-03-07|https://www.congress.gov/105/bills/hr884/BILLS-105hr884ih.pdf
Women's Preventive Health Care Act of 1997|105|House|JON FOX(R) |Referred to the Subcommittee on Health and Environment.|1997-03-07|https://www.congress.gov/105/bills/hr760/BILLS-105hr760ih.pdf
Comprehensive Women's Pension Protection Act of 1997|105|House|BARBARA KENNELLY(D) |Referred to the Subcommittee on Employer-Employee Relations.|1997-03-07|https://www.congress.gov/105/bills/hr766/BILLS-105hr766ih.pdf
To provide that the firearms prohibitions applicable by reason of a domestic violence misdemeanor conviction do not apply to government entities.|105|House|BART STUPAK(D) |Subcommittee Hearings Held.|1997-03-05|https://www.congress.gov/105/bills/hr445/BILLS-105hr445ih.pdf
To amend title 18, United States Code, to provide that the firearms prohibitions applicable by reason of a domestic violence misdemeanor conviction do not apply if the conviction occurred before the prohibitions became law.|105|House|BOB BARR(R) |Subcommittee Hearings Held.|1997-03-05|https://www.congress.gov/105/bills/hr26/BILLS-105hr26ih.pdf
To require the Attorney General to promulgate regulations relating to gender-related persecution, including female genital mutilation, for use in determining an alien's eligibility for asylum or withholding of deportation.|105|House|CAROLYN MALONEY(D) |Referred to the Subcommittee on Immigration and Claims.|1997-03-05|https://www.congress.gov/105/bills/hr825/BILLS-105hr825ih.pdf
Women's Right To Know Act of 1997|105|House|LOUISE SLAUGHTER(D) |Referred to the Subcommittee on the Constitution.|1997-03-05|https://www.congress.gov/105/bills/hr558/BILLS-105hr558ih.pdf
Women's Health and Cancer Rights Act of 1997|105|House|SUSAN MOLINARI(R) |Referred to the Subcommittee on Employer-Employee Relations.|1997-03-03|https://www.congress.gov/105/bills/hr616/BILLS-105hr616ih.pdf
A bill to require the Director of the Federal Emergency Management Agency to provide funds for compensation for expenses incurred by the State of New York, Nassau County and Suffolk County, New York, and New York City, New York, as a result of the crash of flight 800 of Trans World Airlines.|105|Senate|ALFONSE D'AMATO(R) |Read twice and referred to the Committee on Environment and Public Works.|1997-02-28|https://www.congress.gov/105/bills/s383/BILLS-105s383is.pdf
To authorize the Director of the Federal Emergency Management Agency to reimburse certain State and local jurisdictions for expenses incurred in support of Federal rescue and salvage operations in connection with the crash of Trans World Airlines Flight 800.|105|House|RICK LAZIO(R) |Referred to the Subcommittee on Water Resources and Environment.|1997-02-27|https://www.congress.gov/105/bills/hr772/BILLS-105hr772ih.pdf
Battered Women's Employment Protection Act|105|Senate|PAUL WELLSTONE(D) |Read twice and referred to the Committee on Finance.|1997-02-26|https://www.congress.gov/105/bills/s367/BILLS-105s367is.pdf
Family Planning Facilitation and Abortion Funding Restriction Act of 1997|105|House|CHRISTOPHER SMITH(R) |Read the second time. Placed on Senate Legislative Calendar under General Orders. Calendar No. 18.|1997-02-24|https://www.congress.gov/105/bills/hr581/BILLS-105hr581pcs.pdf
Expressing the sense of the House of Representatives concerning the need for further studies and accurate guidelines regarding the use of mammograms and other technology to screen women between the ages of 40 and 49 for breast cancer.|105|House|JENNIFER DUNN(R) |Referred to the Subcommittee on Health and Environment.|1997-02-14|https://www.congress.gov/105/bills/hres48/BILLS-105hres48ih.pdf
Expressing the sense of the House concerning the need for accurate guidelines for breast cancer screening for women between the ages of 40 and 49.|105|House|EDOLPHUS TOWNS(D) |Referred to the Subcommittee on Health and Environment.|1997-02-14|https://www.congress.gov/105/bills/hres40/BILLS-105hres40ih.pdf
A bill to amend the Foreign Assistance Act of 1961 to restrict assistance to foreign organizations that perform or actively promote abortions.|105|Senate|TIM HUTCHINSON(R) |Read twice and referred to the Committee on Foreign Relations.|1997-02-13|https://www.congress.gov/105/bills/s337/BILLS-105s337is.pdf
Comprehensive Women's Pension Protection Act of 1997|105|Senate|CAROL MOSELEY-BRAUN(D) |Read twice and referred to the Committee on Finance.|1997-02-13|https://www.congress.gov/105/bills/s320/BILLS-105s320is.pdf
Providing for consideration of the bill (H.R. 581) to amend Public Law 104-208 to provide that the President may make funds appropriated for population planning and other population assistance available on March 1, 1997, subject to restrictions on assistance to foreign organizations that perform or actively promote abortions.|105|House|PORTER GOSS(R) |Motion to reconsider laid on the table Agreed to without objection.|1997-02-13|https://www.congress.gov/105/bills/hres46/BILLS-105hres46eh.pdf
Postreproductive Health Care Act|105|House|LOUISE SLAUGHTER(D) |Referred to the Subcommittee on Health and Environment.|1997-02-10|https://www.congress.gov/105/bills/hr557/BILLS-105hr557ih.pdf
A resolution expressing the sense of the Senate concerning the need for accurate guidelines for breast cancer screening for women between the ages of 40 and 49.|105|Senate|Olympia Snowe(R) |Resolution agreed to in Senate without amendment by Yea-Nay Vote. 98-0. Record Vote No: 5.|1997-02-04|https://www.congress.gov/105/bills/sres47/BILLS-105sres47ats.pdf
Freedom of Choice for Women in the Uniformed Services Act|105|House|JANE HARMAN(D) |Executive Comment Requested from DOD.|1997-02-03|https://www.congress.gov/105/bills/hr411/BILLS-105hr411ih.pdf
Proposing an amendment to the Constitution of the United States to provide that no person born in the United States will be a United States citizen unless a parent is a United States citizen, is lawfully in the United States, or has a lawful immigration status at the time of the birth.|105|House|MARK FOLEY(R) |Referred to the Subcommittee on the Constitution.|1997-01-28|https://www.congress.gov/105/bills/hjres26/BILLS-105hjres26ih.pdf
Proposing an amendment to the Constitution of the United States to provide that no person born in the United States will be a United States citizen on account of birth in the United States unless both parents are either United States citizens or aliens lawfully admitted for permanent residence at the time of the birth.|105|House|BOB BARR(R) |Referred to the Subcommittee on the Constitution.|1997-01-28|https://www.congress.gov/105/bills/hjres4/BILLS-105hjres4ih.pdf
To clarify the effect on the citizenship of an individual of the individual's birth in the United States.|105|House|BOB STUMP(R) |Referred to the Subcommittee on Immigration and Claims.|1997-01-28|https://www.congress.gov/105/bills/hr346/BILLS-105hr346ih.pdf
Medicaid Women's Basic Health Coverage Act of 1997|105|House|EDOLPHUS TOWNS(D) |Referred to the Subcommittee on Health and Environment.|1997-01-27|https://www.congress.gov/105/bills/hr359/BILLS-105hr359ih.pdf
Medicaid Women's Basic Health Coverage Act of 1997|105|House|ALCEE HASTINGS(D) |Referred to the Subcommittee on Health and Environment.|1997-01-23|https://www.congress.gov/105/bills/hr184/BILLS-105hr184ih.pdf
HHS Women Scientist Employment Opportunity Act|105|House|LOUISE SLAUGHTER(D) |Referred to the Subcommittee on Health and Environment.|1997-01-22|https://www.congress.gov/105/bills/hr304/BILLS-105hr304ih.pdf
To prohibit the Secretary of Health and Human Services from finding that a State Medicaid plan is not in compliance with title XIX of the Social Security Act solely on the grounds that the plan does not cover abortions for pregnancies resulting from an act of rape or incest if coverage for such abortions is inconsistent with State law.|105|House|JAY DICKEY(R) |Referred to the Subcommittee on Health and Environment.|1997-01-22|https://www.congress.gov/105/bills/hr137/BILLS-105hr137ih.pdf
Unborn Children's Civil Rights Act|105|Senate|JESSE HELMS(R) |Read twice and referred to the Committee on Governmental Affairs.|1997-01-22|https://www.congress.gov/105/bills/s190/BILLS-105s190is.pdf
Domestic Violence Identification and Referral Act of 1997|105|Senate|BARBARA BOXER(D) |Read twice and referred to the Committee on Labor and Human Resources.|1997-01-21|https://www.congress.gov/105/bills/s101/BILLS-105s101is.pdf
Women's Health Office Act of 1997|105|Senate|Olympia Snowe(R) |Read twice and referred to the Committee on Labor and Human Resources.|1997-01-21|https://www.congress.gov/105/bills/s91/BILLS-105s91is.pdf
Unborn Children's Civil Rights Act|105|Senate|JESSE HELMS(R) |Introduced in the Senate. Read twice. Placed on Senate Legislative Calendar under General Orders. Calendar No. 2.|1997-01-21|https://www.congress.gov/105/bills/s42/BILLS-105s42pcs.pdf
To amend title II of the Social Security Act to provide that an individual who has been denied benefits by reason of confinement to a public institution by reason of conviction for a sex offense shall continue to be denied benefits, upon completion of such confinement, while continuing to be confined thereafter by court order in a public institution.|105|House|MARTIN MEEHAN(D) |Referred to the Subcommittee on Social Security.|1997-01-16|https://www.congress.gov/105/bills/hr237/BILLS-105hr237ih.pdf
