To provide for the conveyance of the former Konnarock Lutheran Girls School in Smyth County, Virginia, which is currently owned by the United States and administered by the Forest Service, to facilitate the restoration and reuse of the property, and for other purposes.|109|House|RICK BOUCHER(D) |Became Public Law No: 109-389.|2006-12-12|https://www.congress.gov/109/bills/hr5103/BILLS-109hr5103enr.pdf
Congratulating the Detroit Shock for winning the 2006 Women's National Basketball Association Championship, and for other purposes.|109|House|CAROLYN KILPATRICK(D) |Received in the Senate.|2006-12-09|https://www.congress.gov/109/bills/hconres488/BILLS-109hconres488eh.pdf
Unborn Child Pain Awareness Act of 2006|109|House|CHRISTOPHER SMITH(R) |On motion to suspend the rules and pass the bill Failed by the Yeas and Nays: (2/3 required): 250 - 162 (Roll no. 526).|2006-12-06|https://www.congress.gov/109/bills/hr6099/BILLS-109hr6099ih.pdf
Maternal Motor Vehicle Crash Safety Act of 2006|109|Senate|MICHAEL DEWINE(R) |Read twice and referred to the Committee on Commerce, Science, and Transportation. (text of measure as introduced: CR S11330-11331)|2006-12-06|https://www.congress.gov/109/bills/s4086/BILLS-109s4086is.pdf
Honoring the Institute of the Sisters of Mercy on the occasion of its 175th anniversary, and commending its ministry and its efforts in helping individuals, especially women and children, overcome challenges that keep them from living full and dignified lives.|109|House|Madeleine Bordallo(D) |Referred to the House Committee on International Relations.|2006-12-06|https://www.congress.gov/109/bills/hres1097/BILLS-109hres1097ih.pdf
Guarantee of Medical Accuracy in Sex Education Act|109|Senate|FRANK LAUTENBERG(D) |Read twice and referred to the Committee on Homeland Security and Governmental Affairs. (text of measure as introduced: CR S11059)|2006-11-16|https://www.congress.gov/109/bills/s4059/BILLS-109s4059is.pdf
Expressing the sympathy of House of Representatives to the families of women and girls murdered in Guatemala and encouraging the Government of Guatemala to bring an end to these crimes.|109|House|DAN BURTON(R) |Referred to the House Committee on International Relations.|2006-11-14|https://www.congress.gov/109/bills/hres1081/BILLS-109hres1081ih.pdf
Supporting the goals and ideals of National Pregnancy and Infant Loss Remembrance Day.|109|House|TOM LATHAM(R) |Referred to the Committee on Health, Education, Labor, and Pensions.|2006-11-13|https://www.congress.gov/109/bills/hconres222/BILLS-109hconres222rfs.pdf
Pregnant Women Support Act|109|House|Lincoln Davis(D) |Referred to the Subcommittee on Education Reform.|2006-11-02|https://www.congress.gov/109/bills/hr6145/BILLS-109hr6145ih.pdf
Reducing the Need for Abortion and Supporting Parents Act|109|House|TIM RYAN(D) |Referred to the Subcommittee on Education Reform.|2006-11-02|https://www.congress.gov/109/bills/hr6067/BILLS-109hr6067ih.pdf
International Women's Freedom Act of 2006|109|House|CAROLYN MALONEY(D) |Referred to the Subcommittee on Africa, Global Human Rights and International Operations.|2006-10-17|https://www.congress.gov/109/bills/hr6293/BILLS-109hr6293ih.pdf
FDA Scientific Fairness for Women Act|109|House|ROSA DELAURO(D) |Referred to the Subcommittee on Health.|2006-10-02|https://www.congress.gov/109/bills/hr6235/BILLS-109hr6235ih.pdf
Post-Abortion Depression Research and Care Act|109|House|JOSEPH PITTS(R) |Referred to the Subcommittee on Health.|2006-10-02|https://www.congress.gov/109/bills/hr6169/BILLS-109hr6169ih.pdf
Child Interstate Abortion Notification Act|109|Senate|JOHN ENSIGN(R) |Cloture on the motion to concur in House amendment not invoked in Senate by Yea-Nay Vote. 57 - 42. Record Vote Number: 263. (consideration: CR S10616-10618)|2006-09-29|https://www.congress.gov/109/bills/s403/BILLS-109s403eah.pdf
A concurrent resolution expressing the sense of the Congress that joint custody laws for fit parents should be passed by each State, so that more children are raised with the benefits of having a father and a mother in their lives.|109|Senate|DANIEL AKAKA(D) |Referred to the Committee on Health, Education, Labor, and Pensions. (text of measure as introduced:  CR S10758-10759)|2006-09-29|https://www.congress.gov/109/bills/sconres121/BILLS-109sconres121is.pdf
HOPE Youth Pregnancy Prevention Act|109|Senate|BARBARA BOXER(D) |Read twice and referred to the Committee on Health, Education, Labor, and Pensions. (text of measure as introduced: CR S10463)|2006-09-28|https://www.congress.gov/109/bills/s3966/BILLS-109s3966is.pdf
Supporting the goals and ideals of National Domestic Violence Awareness Month and expressing the sense of the House of Representatives that Congress should raise awareness of domestic violence in the United States and its devastating effects on families and communities.|109|House|Ted Poe(R) |Referred to the Subcommittee on Select Education.|2006-09-28|https://www.congress.gov/109/bills/hres944/BILLS-109hres944ih.pdf
Recognizing and honoring the 20th anniversary of the founding of the Lambda Theta Nu Sorority, Incorporated, the first intercollegiate Greek-letter sorority established for Latina college women on the West Coast.|109|House|PETE STARK(D) |Referred to the Subcommittee on 21st Century Competitiveness.|2006-09-28|https://www.congress.gov/109/bills/hconres464/BILLS-109hconres464ih.pdf
Women's Retirement Security Act of 2006|109|Senate|GORDON SMITH(R) |Read twice and referred to the Committee on Finance.|2006-09-27|https://www.congress.gov/109/bills/s3951/BILLS-109s3951is.pdf
Providing for consideration of the bill (S. 403) to amend title 18, United States Code, to prohibit taking minors across State lines in circumvention of laws requiring the involvement of parents in abortion decisions.|109|House|Phil Gingrey(R) |Motion to reconsider laid on the table Agreed to without objection.|2006-09-26|https://www.congress.gov/109/bills/hres1039/BILLS-109hres1039eh.pdf
Sons and Daughters of America Act|109|House|TODD TIAHRT(R) |Referred to the House Committee on the Judiciary.|2006-09-21|https://www.congress.gov/109/bills/hr6157/BILLS-109hr6157ih.pdf
Expressing the sense of the Congress that the States should enact joint custody laws for fit parents, so that more children are raised with the benefits of having a father and a mother in their lives.|109|House|ROSCOE BARTLETT(R) |Referred to the House Committee on the Judiciary.|2006-09-21|https://www.congress.gov/109/bills/hconres477/BILLS-109hconres477ih.pdf
Smoke Free Mothers and Babies Act of 2006|109|Senate|THOMAS HARKIN(D) |Read twice and referred to the Committee on Finance.|2006-09-20|https://www.congress.gov/109/bills/s3915/BILLS-109s3915is.pdf
To authorize appropriations for the purpose of establishing an office within the Internal Revenue Service to focus on violations of the internal revenue laws by persons who are under investigation for conduct relating to commercial sex acts, to establish a Whistleblower Office within the Internal Revenue Service, and to increase the criminal monetary penalty limitations for the underpayment or overpayment of tax due to fraud.|109|House|CAROLYN MALONEY(D) |Referred to the House Committee on Ways and Means.|2006-09-19|https://www.congress.gov/109/bills/hr6107/BILLS-109hr6107ih.pdf
Celebrating the first Milwaukee Mujeres Against Domestic Violence Brides Walk and recognizing all brides walks in protest of domestic violence.|109|House|Gwen Moore(D) |Referred to the House Committee on the Judiciary.|2006-09-14|https://www.congress.gov/109/bills/hres1012/BILLS-109hres1012ih.pdf
To congratulate the National Organization of Women on its 40th anniversary.|109|House|SHEILA JACKSON-LEE(D) |Referred to the House Committee on the Judiciary.|2006-09-14|https://www.congress.gov/109/bills/hconres475/BILLS-109hconres475ih.pdf
Expressing the sense of the House of Representatives that the Government of Japan should formally acknowledge and accept responsibility for its sexual enslavement of young women, known to the world as "comfort women", during its colonial occupation of Asia and the Pacific Islands from the 1930s through the duration of World War II, and for other purposes.|109|House|LANE EVANS(D) |Committee Agreed to Seek Consideration Under Suspension of the Rules, (Amended) by Unanimous Consent.|2006-09-13|https://www.congress.gov/109/bills/hres759/BILLS-109hres759ih.pdf
A resolution honoring the Detroit Shock on winning the 2006 Women's National Basketball Association Championship.|109|Senate|Debbie Stabenow(D) |Submitted in the Senate, considered, and agreed to without amendment and with a preamble by Unanimous Consent. (consideration: CR S9444-9445; text as passed Senate: CR S9445; text of measure as introduced: CR S9368)|2006-09-12|https://www.congress.gov/109/bills/sres567/BILLS-109sres567ats.pdf
A resolution supporting the National Sexual Assault Hotline and commending the Hotline for counseling and supporting more than 1,000,000 callers.|109|Senate|JOSEPH BIDEN(D) |Resolution agreed to in Senate without amendment and with a preamble by Unanimous Consent. (text: CR S9280-9281)|2006-09-08|https://www.congress.gov/109/bills/sres537/BILLS-109sres537ats.pdf
Guarantee of Medical Accuracy in Sex Education Act|109|House|LUIS GUTIERREZ(D) |Referred to the Subcommittee on Education Reform.|2006-09-07|https://www.congress.gov/109/bills/hr5598/BILLS-109hr5598ih.pdf
A bill to make technical corrections to the Violence Against Women and Department of Justice Reauthorization Act of 2005.|109|Senate|ARLEN SPECTER(R) |Became Public Law No: 109-271.|2006-08-12|https://www.congress.gov/109/bills/s3693/BILLS-109s3693enr.pdf
Communities of Color Teen Pregnancy Prevention Act of 2006|109|House|HILDA SOLIS(D) |Referred to the Subcommittee on Health.|2006-08-01|https://www.congress.gov/109/bills/hr5806/BILLS-109hr5806ih.pdf
Unintended Pregnancy Reduction Act of 2006|109|House|NITA LOWEY(D) |Referred to the Subcommittee on Health.|2006-08-01|https://www.congress.gov/109/bills/hr5795/BILLS-109hr5795ih.pdf
Denouncing the practices of female genital mutilation, domestic violence, "honor" killings, acid burning, dowry deaths, and other gender-based persecutions and expressing the sense of the House of Representatives that participation, protection, recognition, and independence of women is crucial to achieving a just, moral, and honorable society.|109|House|SHEILA JACKSON-LEE(D) |Referred to the House Committee on International Relations.|2006-07-28|https://www.congress.gov/109/bills/hres970/BILLS-109hres970ih.pdf
To amend the Internal Revenue Code of 1986 to provide an increased exclusion of gain from the sale of a principal residence by certain widows and widowers.|109|House|NITA LOWEY(D) |Referred to the House Committee on Ways and Means.|2006-07-28|https://www.congress.gov/109/bills/hr6006/BILLS-109hr6006ih.pdf
Recognizing the low presence of minorities in the financial services industry and minorities and women in upper level positions of management, and expressing the sense of the Congress that active measures should be taken to increase the demographic diversity of the financial services industry.|109|House|GREGORY MEEKS(D) |Referred to the Subcommittee on Education Reform.|2006-07-24|https://www.congress.gov/109/bills/hconres429/BILLS-109hconres429ih.pdf
Protecting Children from Sexual Exploitation Act of 2005|109|Senate|ORRIN HATCH(R) |Sponsor introductory remarks on measure. (CR S7896)|2006-07-19|https://www.congress.gov/109/bills/s2140/BILLS-109s2140is.pdf
Commending and supporting Radio Al Mahaba, Iraq's first and only radio station for women.|109|House|CAROLYN MCCARTHY(D) |Motion to reconsider laid on the table Agreed to without objection.|2006-07-18|https://www.congress.gov/109/bills/hres784/BILLS-109hres784eh.pdf
A bill to suspend temporarily the duty on certain women's footwear not covering the ankle with coated or laminated textile fabrics.|109|Senate|Thomas Carper(D) |Read twice and referred to the Committee on Finance.|2006-07-17|https://www.congress.gov/109/bills/s3674/BILLS-109s3674is.pdf
A bill to suspend temporarily the duty on certain women's footwear covering the ankle with coated or laminated textile fabrics.|109|Senate|Thomas Carper(D) |Read twice and referred to the Committee on Finance.|2006-07-17|https://www.congress.gov/109/bills/s3673/BILLS-109s3673is.pdf
Women's Small Business Ownership Programs Act of 2006|109|Senate|Olympia Snowe(R) |Read twice and referred to the Committee on Small Business and Entrepreneurship. (text of measured as introduced: CR S7521-7524)|2006-07-13|https://www.congress.gov/109/bills/s3659/BILLS-109s3659is.pdf
Sex Offender Visa Loophole Elimination Act of 2006|109|House|MARK KENNEDY(R) |Referred to the House Committee on the Judiciary.|2006-07-12|https://www.congress.gov/109/bills/hr5767/BILLS-109hr5767ih.pdf
A bill to reduce temporarily the duty on certain women's footwear not covering the ankle with coated or laminated textile fabrics.|109|Senate|Thomas Carper(D) |Read twice and referred to the Committee on Finance.|2006-06-27|https://www.congress.gov/109/bills/s3580/BILLS-109s3580is.pdf
A bill to reduce temporarily the duty on certain women's footwear covering the ankle with coated or laminated textile fabrics.|109|Senate|Thomas Carper(D) |Read twice and referred to the Committee on Finance.|2006-06-27|https://www.congress.gov/109/bills/s3579/BILLS-109s3579is.pdf
A bill to suspend temporarily the duty on certain women's footwear valued over $20 a pair with coated or laminated textile fabrics.|109|Senate|Thomas Carper(D) |Read twice and referred to the Committee on Finance.|2006-06-27|https://www.congress.gov/109/bills/s3575/BILLS-109s3575is.pdf
A bill to suspend temporarily the duty on certain women's footwear with coated or laminated textile fabrics.|109|Senate|Thomas Carper(D) |Read twice and referred to the Committee on Finance.|2006-06-27|https://www.congress.gov/109/bills/s3572/BILLS-109s3572is.pdf
Calling on the Government of Germany to take immediate action to combat sex trafficking in connection with the 2006 FIFA World Cup, and for other purposes.|109|House|CHRISTOPHER SMITH(R) |Committee Agreed to Seek Consideration Under Suspension of the Rules, (Amended) by Unanimous Consent.|2006-06-27|https://www.congress.gov/109/bills/hres860/BILLS-109hres860ih.pdf
Protection Against Transmission of HIV for Women and Youth Act of 2006|109|House|BARBARA LEE(D) |Referred to the House Committee on International Relations.|2006-06-22|https://www.congress.gov/109/bills/hr5674/BILLS-109hr5674ih.pdf
Supporting the National Sexual Assault Hotline (the "Hotline") and commending the Hotline for counseling and supporting 1,000,000 callers.|109|House|David Reichert(R) |Referred to the House Committee on the Judiciary.|2006-06-22|https://www.congress.gov/109/bills/hres889/BILLS-109hres889ih.pdf
Mom's Opportunity to Access Health, Education, Research, and Support for Postpartum Depression Act|109|Senate|Robert Menendez(D) |Read twice and referred to the Committee on Health, Education, Labor, and Pensions.|2006-06-15|https://www.congress.gov/109/bills/s3529/BILLS-109s3529is.pdf
A resolution celebrating the 231st birthday of the Army and commending the men and women of the Army as exceptional individuals who live by the values of loyalty, duty, and selfless service.|109|Senate|Jim Inhofe(R) |Submitted in the Senate, considered, and agreed to without amendment and with a preamble by Unanimous Consent. (consideration: CR S5897-5898; text as passed Senate: CR S5897-5898; text of measure as introduced: CR S5879)|2006-06-14|https://www.congress.gov/109/bills/sres512/BILLS-109sres512ats.pdf
Foreign Anti-Sex Offender Protection Act of 2006|109|House|SHEILA JACKSON-LEE(D) |Referred to the House Committee on the Judiciary.|2006-06-14|https://www.congress.gov/109/bills/hr5610/BILLS-109hr5610ih.pdf
To extend the patent term for the badge of the American Legion Women's Auxiliary, and for other purposes.|109|House|CHRIS CANNON(R) |Referred to the House Committee on the Judiciary.|2006-06-14|https://www.congress.gov/109/bills/hr5618/BILLS-109hr5618ih.pdf
A resolution commending and supporting Radio Al Mahaba, the 1st and only radio station for the women of Iraq.|109|Senate|HILLARY CLINTON(D) |Referred to the Committee on Foreign Relations. (text of measure as introduced: CR S5814)|2006-06-13|https://www.congress.gov/109/bills/sres511/BILLS-109sres511is.pdf
Empowerment of Iraqi Women Act of 2006|109|House|CAROLYN MALONEY(D) |Referred to the House Committee on International Relations.|2006-06-07|https://www.congress.gov/109/bills/hr5548/BILLS-109hr5548ih.pdf
Expressing the sense of the House of Representatives with regard to the importance of National Women's Health Week, which promotes awareness of diseases that affect women and which encourages women to take preventive measures to ensure good health.|109|House|MAURICE HINCHEY(D) |Motion to reconsider laid on the table Agreed to without objection.|2006-06-06|https://www.congress.gov/109/bills/hres833/BILLS-109hres833eh.pdf
A bill to suspend temporarily the duty on certain women's water resistant pants.|109|Senate|James DeMint(R) |Read twice and referred to the Committee on Finance.|2006-06-06|https://www.congress.gov/109/bills/s3403/BILLS-109s3403is.pdf
A bill to suspend temporarily the duty on certain girls' water resistant pants.|109|Senate|James DeMint(R) |Read twice and referred to the Committee on Finance.|2006-06-06|https://www.congress.gov/109/bills/s3402/BILLS-109s3402is.pdf
A bill to suspend temporarily the duty on certain women's water resistant pants.|109|Senate|James DeMint(R) |Read twice and referred to the Committee on Finance.|2006-06-06|https://www.congress.gov/109/bills/s3401/BILLS-109s3401is.pdf
A bill to suspend temporarily the duty on certain women's and girls' water resistant pants.|109|Senate|James DeMint(R) |Read twice and referred to the Committee on Finance.|2006-06-06|https://www.congress.gov/109/bills/s3397/BILLS-109s3397is.pdf
A bill to suspend temporarily the duty on certain girls' water resistant pants.|109|Senate|James DeMint(R) |Read twice and referred to the Committee on Finance.|2006-06-06|https://www.congress.gov/109/bills/s3396/BILLS-109s3396is.pdf
Teen Pregnancy Prevention, Responsibility, and Opportunity Act of 2006|109|House|STEVEN ROTHMAN(D) |Referred to the Subcommittee on Health.|2006-06-05|https://www.congress.gov/109/bills/hr5332/BILLS-109hr5332ih.pdf
Expressing the sense of the Congress concerning contraceptives for women.|109|House|NITA LOWEY(D) |Referred to the Subcommittee on Health.|2006-06-05|https://www.congress.gov/109/bills/hconres404/BILLS-109hconres404ih.pdf
Expressing the sense of Congress with regard to the importance of Women's Health Week, which promotes awareness of diseases that affect women and which encourages women to take preventive measures to ensure good health.|109|House|MAURICE HINCHEY(D) |Referred to the Subcommittee on Health.|2006-06-05|https://www.congress.gov/109/bills/hconres403/BILLS-109hconres403ih.pdf
A bill to suspend temporarily the duty on high accuracy, metal, marine sextants, used for navigating by celestial bodies.|109|Senate|SAM BROWNBACK(R) |Read twice and referred to the Committee on Finance.|2006-05-25|https://www.congress.gov/109/bills/s3081/BILLS-109s3081is.pdf
A bill to extend the patent term for the badge of the American Legion Women's Auxiliary, and for other purposes.|109|Senate|JIM TALENT(R) |Read twice and referred to the Committee on the Judiciary. (text of measure as introduced: CR S5233)|2006-05-25|https://www.congress.gov/109/bills/s3061/BILLS-109s3061is.pdf
Supporting the goals and ideals of the Day of Silence with respect to discrimination and harassment faced by lesbian, gay, bisexual, and transgender individuals in schools.|109|House|ELIOT ENGEL(D) |Referred to the Subcommittee on Education Reform.|2006-05-24|https://www.congress.gov/109/bills/hconres394/BILLS-109hconres394ih.pdf
Congratulating Geno Auriemma, the University of Connecticut women's basketball head coach, upon his selection to the Naismith Memorial Basketball Hall of Fame in Springfield, Massachusetts.|109|House|ROB SIMMONS(R) |Referred to the Subcommittee on 21st Century Competitiveness.|2006-05-24|https://www.congress.gov/109/bills/hres768/BILLS-109hres768ih.pdf
Expressing the sense of the House of Representatives that all workers deserve fair treatment and safe working conditions, and honoring Dolores Huerta for her commitment to the improvement of working conditions for farm worker families and the rights of women and children.|109|House|HILDA SOLIS(D) |Referred to the Subcommittee on Workforce Protections.|2006-05-24|https://www.congress.gov/109/bills/hres787/BILLS-109hres787ih.pdf
A bill to reduce temporarily the duty on certain women's footwear not covering the ankle with coated or laminated textile fabrics.|109|Senate|Thomas Carper(D) |Read twice and referred to the Committee on Finance.|2006-05-23|https://www.congress.gov/109/bills/s2956/BILLS-109s2956is.pdf
A bill to reduce temporarily the duty on certain women's footwear covering the ankle with coated or laminated textile fabrics.|109|Senate|Thomas Carper(D) |Read twice and referred to the Committee on Finance.|2006-05-23|https://www.congress.gov/109/bills/s2955/BILLS-109s2955is.pdf
A bill to suspend temporarily the duty on certain women's footwear valued over $20 a pair with coated or laminated textile fabrics.|109|Senate|Thomas Carper(D) |Read twice and referred to the Committee on Finance.|2006-05-23|https://www.congress.gov/109/bills/s2951/BILLS-109s2951is.pdf
A bill to suspend temporarily the duty on certain women's footwear with coated or laminated textile fabrics.|109|Senate|Thomas Carper(D) |Read twice and referred to the Committee on Finance.|2006-05-23|https://www.congress.gov/109/bills/s2948/BILLS-109s2948is.pdf
A resolution expressing the sense of the Senate with regard to the importance of Women's Health Week, which promotes awareness of diseases that affect women and which encourages women to take preventive measures to ensure good health.|109|Senate|RUSSELL FEINGOLD(D) |Submitted in the Senate, considered, and agreed to without amendment and with a preamble by Unanimous Consent. (consideration: CR S4916; text as passed Senate: CR S4916; text of measure as introduced: CR S4897)|2006-05-22|https://www.congress.gov/109/bills/sres487/BILLS-109sres487ats.pdf
A resolution to express the sense of the Senate concerning the value of family planning for American women.|109|Senate|HILLARY CLINTON(D) |Referred to the Committee on Health, Education, Labor, and Pensions. (text of measure as introduced: CR S4896)|2006-05-22|https://www.congress.gov/109/bills/sres485/BILLS-109sres485is.pdf
Unintended Pregnancy Reduction Act of 2006|109|Senate|HILLARY CLINTON(D) |Read twice and referred to the Committee on Finance.|2006-05-19|https://www.congress.gov/109/bills/s2916/BILLS-109s2916is.pdf
A bill to reduce temporarily the duty on certain women's footwear.|109|Senate|SAM BROWNBACK(R) |Read twice and referred to the Committee on Finance.|2006-05-18|https://www.congress.gov/109/bills/s2845/BILLS-109s2845is.pdf
A bill to suspend temporarily the duty on certain leather footwear for persons other than men or women.|109|Senate|SAM BROWNBACK(R) |Read twice and referred to the Committee on Finance.|2006-05-18|https://www.congress.gov/109/bills/s2835/BILLS-109s2835is.pdf
Military Domestic and Sexual Violence Response Act|109|House|LOUISE SLAUGHTER(D) |Referred to the Subcommittee on Military Personnel.|2006-05-18|https://www.congress.gov/109/bills/hr5212/BILLS-109hr5212ih.pdf
A concurrent resolution expressing the sense of Congress with regard to the importance of Women's Health Week, which promotes awareness of diseases that affect women and which encourages women to take preventive measures to ensure good health.|109|Senate|RUSSELL FEINGOLD(D) |Referred to the Committee on Health, Education, Labor, and Pensions. (text of measure as introduced: CR S4808)|2006-05-18|https://www.congress.gov/109/bills/sconres95/BILLS-109sconres95is.pdf
A bill to amend title 5, United States Code, to permit access to databases maintained by the Federal Emergency Management Agency for purposes of complying with sex offender registry and notification laws, and for other purposes.|109|Senate|David Vitter(R) |Read twice and referred to the Committee on Homeland Security and Governmental Affairs.|2006-05-11|https://www.congress.gov/109/bills/s2786/BILLS-109s2786is.pdf
A resolution commemorating and acknowledging the dedication and sacrifice made by the men and women who have lost their lives while serving as law enforcement officers.|109|Senate|Patrick Leahy(D) |Submitted in the Senate, considered, and agreed to without amendment and with a preamble by Unanimous Consent. (consideration: CR S4379-4380; text as passed Senate: CR S4380; text of measure as introduced: CR S4341)|2006-05-10|https://www.congress.gov/109/bills/sres472/BILLS-109sres472ats.pdf
Expressing gratitude to Mrs. Deloris Jordan and the James Jordan Foundation for improving the lives of inner city youth in the United States and initiating a public-private collaborative to establish a women and children's hospital in Nairobi, Kenya, and supporting the current Nairobi Women's Hospital for its dedication and commitment to the residents of Nairobi.|109|House|GREGORY MEEKS(D) |Referred to the House Committee on International Relations.|2006-05-10|https://www.congress.gov/109/bills/hres812/BILLS-109hres812ih.pdf
Healthy Mothers and Healthy Babies Access to Care Act|109|Senate|RICK SANTORUM(R) |Cloture on the motion to proceed not invoked in Senate by Yea-Nay Vote. 49 - 44. Record Vote Number: 116. (consideration: CR S4146-4147; text: CR S4146)|2006-05-08|https://www.congress.gov/109/bills/s23/BILLS-109s23pcs.pdf
Sex Offender Registration and Notification Act|109|Senate|ORRIN HATCH(R) |Held at the desk.|2006-05-08|https://www.congress.gov/109/bills/s1086/BILLS-109s1086es.pdf
Conveying the sympathy of Congress to the families of the young women murdered in the State of Chihuahua, Mexico, and encouraging increased United States involvement in bringing an end to these crimes.|109|House|HILDA SOLIS(D) |Message on Senate action sent to the House.|2006-05-03|https://www.congress.gov/109/bills/hconres90/BILLS-109hconres90enr.pdf
Expressing the sense of the House with respect to the 10th anniversary of the beginning of the National Domestic Violence Hotline.|109|House|LAMAR SMITH(R) |Referred to the Subcommittee on Select Education.|2006-05-01|https://www.congress.gov/109/bills/hres689/BILLS-109hres689ih.pdf
Expressing the sense of the House of Representatives that the "Additional Clarification of Intercollegiate Athletics Policy: Three-Part Test-part Three", issued by the United States Department of Education without notice or opportunity for public comment on March 17, 2005, is inconsistent with longstanding Department policies and fundamental principles of equality, is a disservice to our Nation's young women, and should be withdrawn by the Department of Education.|109|House|LYNN WOOLSEY(D) |Referred to the Subcommittee on 21st Century Competitiveness.|2006-05-01|https://www.congress.gov/109/bills/hres735/BILLS-109hres735ih.pdf
Congratulating the University of Portland Pilots women's soccer team for winning the 2005 National Collegiate Athletic Association Division I Women's Soccer Championship.|109|House|EARL BLUMENAUER(D) |Referred to the Subcommittee on 21st Century Competitiveness.|2006-05-01|https://www.congress.gov/109/bills/hres682/BILLS-109hres682ih.pdf
Afghan Women Empowerment Act of 2006|109|House|CAROLYN MALONEY(D) |Referred to the House Committee on International Relations.|2006-04-25|https://www.congress.gov/109/bills/hr5185/BILLS-109hr5185ih.pdf
Stop Deceptive Advertising for Women's Services Act|109|House|CAROLYN MALONEY(D) |Referred to the Subcommittee on Commerce, Trade and Consumer Protection.|2006-04-19|https://www.congress.gov/109/bills/hr5052/BILLS-109hr5052ih.pdf
To congratulate the National Aeronautics and Space Administration on the 25th anniversary of the first flight of the Space Transportation System, to honor Commander John Young and the Pilot Robert Crippen, who flew Space Shuttle Columbia on April 12-14, 1981, on its first orbital test flight, and to commend the men and women of the National Aeronautics and Space Administration and all those supporting America's space program for their accomplishments and their role in inspiring the American people.|109|House|KEN CALVERT(R) |Message on Senate action sent to the House.|2006-04-07|https://www.congress.gov/109/bills/hconres366/BILLS-109hconres366enr.pdf
Expressing the sense of the House of Representatives that individuals who commit acts of sexual violence against minor children should be prosecuted to the fullest extent of the law.|109|House|Joe Wilson(R) |Referred to the House Committee on the Judiciary.|2006-04-06|https://www.congress.gov/109/bills/hres771/BILLS-109hres771ih.pdf
A resolution congratulating the University of Wisconsin women's hockey team for winning the 2006 National Collegiate Athletic Association Division I Hockey Championship.|109|Senate|RUSSELL FEINGOLD(D) |Submitted in the Senate, considered, and agreed to without amendment and with a preamble by Unanimous Consent. (consideration: CR S3159; text as passed Senate: CR S3159; text of measure as introduced: CR S2917-2918)|2006-04-05|https://www.congress.gov/109/bills/sres429/BILLS-109sres429ats.pdf
A resolution to commend the University of Maryland women's basketball team for winning the 2006 National Collegiate Athletic Association Division I National Basketball Championship.|109|Senate|BARBARA MIKULSKI(D) |Submitted in the Senate, considered, and agreed to without amendment and with a preamble by Unanimous Consent. (consideration: CR S3156-3158; text as passed Senate: CR S3157-3158; text of measure as introduced: CR S2916)|2006-04-05|https://www.congress.gov/109/bills/sres425/BILLS-109sres425ats.pdf
Teen Pregnancy Prevention, Responsibility, and Opportunity Act of 2006|109|Senate|Robert Menendez(D) |Read twice and referred to the Committee on Health, Education, Labor, and Pensions. (text of measure as introduced: CR S2904-2905)|2006-04-05|https://www.congress.gov/109/bills/s2508/BILLS-109s2508is.pdf
Honoring Female Congressional Pioneers Act of 2006|109|House|MARCY KAPTUR(D) |Referred to the Committee on Government Reform, and in addition to the Committee on House Administration, for a period to be subsequently determined by the Speaker, in each case for consideration of such provisions as fall within the jurisdiction of the committee concerned.|2006-03-30|https://www.congress.gov/109/bills/hr5065/BILLS-109hr5065ih.pdf
A resolution expressing the gratitude and appreciation to the men and women of the Armed Forces who serve as military recruiters, commending their selfless service in recruiting young men and woman to serve in the United States military, particularly in support of the global war on terrorism.|109|Senate|JOHN ENSIGN(R) |Resolution agreed to in Senate without amendment and with a preamble by Unanimous Consent. (text as passed Senate: CR S2540)|2006-03-29|https://www.congress.gov/109/bills/sres385/BILLS-109sres385ats.pdf
Congratulating the University of Maryland Terrapins women's field hockey team on winning the 2005 National College Athletic Association Championship.|109|House|STENY HOYER(D) |Referred to the Subcommittee on 21st Century Competitiveness.|2006-03-27|https://www.congress.gov/109/bills/hres607/BILLS-109hres607ih.pdf
To direct the Secretary of Labor to make a grant to a public university to establish the Center for the Study of Women and Workplace Policy.|109|House|JOHN DINGELL(D) |Referred to the Subcommittee on 21st Century Competitiveness.|2006-03-27|https://www.congress.gov/109/bills/hr4556/BILLS-109hr4556ih.pdf
Elizabeth Cady Stanton Pregnant and Parenting Student Services Act of 2005|109|House|MELISSA HART(R) |Referred to the Subcommittee on 21st Century Competitiveness.|2006-03-24|https://www.congress.gov/109/bills/hr4265/BILLS-109hr4265ih.pdf
Congratulating Prime Minister Portia Simpson-Miller for becoming the first democratically-elected female Prime Minister of Jamaica and the first female head of state.|109|House|SHEILA JACKSON-LEE(D) |Referred to the House Committee on International Relations.|2006-03-16|https://www.congress.gov/109/bills/hconres362/BILLS-109hconres362ih.pdf
Recognizing the efforts and contributions of The Women's Museum: An Institute for the Future.|109|House|EDDIE JOHNSON(D) |Referred to the House Committee on House Administration.|2006-03-16|https://www.congress.gov/109/bills/hres730/BILLS-109hres730ih.pdf
Congratulating Prime Minister-designate Portia Simpson Miller for becoming the first female Prime Minister-designate of Jamaica.|109|House|MAXINE WATERS(D) |Referred to the House Committee on International Relations.|2006-03-14|https://www.congress.gov/109/bills/hres727/BILLS-109hres727ih.pdf
A resolution designating March 8, 2006, as "International Women's Day".|109|Senate|JOSEPH BIDEN(D) |Referred to the Committee on the Judiciary. (text of measure as introduced: CR S1902)|2006-03-08|https://www.congress.gov/109/bills/sres393/BILLS-109sres393is.pdf
Afghan Women Empowerment Act of 2006|109|Senate|BARBARA BOXER(D) |Read twice and referred to the Committee on Foreign Relations.|2006-03-08|https://www.congress.gov/109/bills/s2392/BILLS-109s2392is.pdf
A resolution designating March 8, 2006, as "International Women's Day".|109|Senate|RICHARD LUGAR(R) |Referred to the Committee on the Judiciary. (text of measure as introduced: CR S1901)|2006-03-08|https://www.congress.gov/109/bills/sres392/BILLS-109sres392is.pdf
Sex Offender Registration and Notification Act|109|House|MARK FOLEY(R) |Referred to the House Committee on the Judiciary.|2006-03-08|https://www.congress.gov/109/bills/hr4905/BILLS-109hr4905ih.pdf
Commending the United States men's and women's curling teams on their accomplishments at the 2006 Winter Olympic Games in Torino, Italy.|109|House|COLLIN PETERSON(D) |Referred to the House Committee on Government Reform.|2006-03-07|https://www.congress.gov/109/bills/hres712/BILLS-109hres712ih.pdf
HEART for Women Act|109|House|LOIS CAPPS(D) |Referred to the Subcommittee on Health.|2006-02-17|https://www.congress.gov/109/bills/hr4747/BILLS-109hr4747ih.pdf
A resolution expressing the sense of the Senate that the Senate should continue to support the National Domestic Violence Hotline, a critical national resource that saves lives each day, and commemorate its 10th anniversary.|109|Senate|JOSEPH BIDEN(D) |Referred to the Committee on the Judiciary. (text of measure as introduced: CR S1436)|2006-02-16|https://www.congress.gov/109/bills/sres373/BILLS-109sres373is.pdf
No Parole for Sex Offenders Act|109|House|MARK KENNEDY(R) |Referred to the Subcommittee on Crime, Terrorism, and Homeland Security.|2006-02-16|https://www.congress.gov/109/bills/hr4621/BILLS-109hr4621ih.pdf
Heart Disease Education, Analysis, and Research, and Treatment for Women Act|109|Senate|Debbie Stabenow(D) |Read twice and referred to the Committee on Health, Education, Labor, and Pensions.|2006-02-14|https://www.congress.gov/109/bills/s2278/BILLS-109s2278is.pdf
To provide meaningful civil remedies for victims of the sexual exploitation of children.|109|House|Phil Gingrey(R) |Sponsor introductory remarks on measure. (CR H229)|2006-02-14|https://www.congress.gov/109/bills/hr4703/BILLS-109hr4703ih.pdf
Honoring the life and accomplishments of Judge Constance Baker Motley and recognizing her as a symbol of hope and inspiration for all men and women.|109|House|GREGORY MEEKS(D) |Referred to the Subcommittee on the Constitution.|2006-02-06|https://www.congress.gov/109/bills/hconres271/BILLS-109hconres271ih.pdf
Violence Against Women and Department of Justice Reauthorization Act of 2005|109|House|F. SENSENBRENNER(R) |Became Public Law No: 109-162.|2006-01-05|https://www.congress.gov/109/bills/hr3402/BILLS-109hr3402enr.pdf
A bill to provide meaningful civil remedies for victims of the sexual exploitation of children.|109|Senate|JOHN KERRY(D) |Read twice and referred to the Committee on the Judiciary.|2005-12-20|https://www.congress.gov/109/bills/s2155/BILLS-109s2155is.pdf
Congratulating President Ellen Johnson-Sirleaf for becoming the first democratically-elected female President of the Republic of Liberia and the first female African head of state.|109|House|EDDIE JOHNSON(D) |Referred to the House Committee on International Relations.|2005-12-18|https://www.congress.gov/109/bills/hconres327/BILLS-109hconres327ih.pdf
To direct the Architect of the Capitol to enter into a contract to revise the statue commemorating women's suffrage located in the rotunda of the United States Capitol to include a likeness of Sojourner Truth.|109|House|SHEILA JACKSON-LEE(D) |Referred to the House Committee on House Administration.|2005-12-08|https://www.congress.gov/109/bills/hr4475/BILLS-109hr4475ih.pdf
Commending the people of the Republic of Liberia for holding peaceful national elections in 2005 and congratulating President Ellen Johnson-Sirleaf on her victory and becoming the first female president of any African country.|109|House|DONALD PAYNE(D) |Referred to the House Committee on International Relations.|2005-12-08|https://www.congress.gov/109/bills/hconres313/BILLS-109hconres313ih.pdf
Preventing Sexual Assaults in the Military Act of 2005|109|House|CAROLYN MALONEY(D) |Sponsor introductory remarks on measure. (CR S11316-11317)|2005-12-06|https://www.congress.gov/109/bills/hr4077/BILLS-109hr4077ih.pdf
Domestic Violence Screening, Treatment, and Prevention Act|109|House|LOIS CAPPS(D) |Referred to the Subcommittee on Health.|2005-12-02|https://www.congress.gov/109/bills/hr4367/BILLS-109hr4367ih.pdf
To amend title 5, United States Code, to permit access to databases maintained by the Federal Emergency Management Agency for purposes of complying with sex offender registry and notification laws, and for other purposes.|109|House|Ted Poe(R) |Referred to the Subcommittee on Economic Development, Public Buildings and Emergency Management.|2005-11-18|https://www.congress.gov/109/bills/hr4381/BILLS-109hr4381ih.pdf
Abortion Non-Discrimination Act of 2005|109|Senate|RICK SANTORUM(R) |Read twice and referred to the Committee on Health, Education, Labor, and Pensions. (text of measure as introduced: CR S12615)|2005-11-09|https://www.congress.gov/109/bills/s1983/BILLS-109s1983is.pdf
Elizabeth Cady Stanton Pregnant and Parenting Student Services Act of 2005|109|Senate|Elizabeth Dole(R) |Read twice and referred to the Committee on Health, Education, Labor, and Pensions.|2005-11-07|https://www.congress.gov/109/bills/s1966/BILLS-109s1966is.pdf
Better Screening Test for Women Act|109|House|NITA LOWEY(D) |Referred to the Subcommittee on Health.|2005-11-04|https://www.congress.gov/109/bills/hr4137/BILLS-109hr4137ih.pdf
A resolution supporting the goals and ideals of National Domestic Violence Awareness Month and expressing the sense of the Senate that Congress should raise awareness of domestic violence in the United States and its devastating effects on families.|109|Senate|JOSEPH BIDEN(D) |Resolution agreed to in Senate without amendment and with a preamble by Unanimous Consent. (text: CR S11950-11951)|2005-10-26|https://www.congress.gov/109/bills/sres282/BILLS-109sres282ats.pdf
Melanie Blocker-Stokes Postpartum Depression Research and Care Act|109|House|BOBBY RUSH(D) |Sponsor introductory remarks on measure. (CR H8989)|2005-10-20|https://www.congress.gov/109/bills/hr1940/BILLS-109hr1940ih.pdf
A resolution expressing the sense of the Senate that the attachment therapy technique know as rebirthing is a dangerous practice and should be prohibited.|109|Senate|Ken Salazar(D) |Submitted in the Senate, considered, and agreed to without amendment and with a preamble by Unanimous Consent. (consideration: CR S11499-11501; text as passed Senate: CR S11500-11501; text of measure as introduced: CR S11482)|2005-10-18|https://www.congress.gov/109/bills/sres276/BILLS-109sres276ats.pdf
Domestic Violence Prevention, Education, and Awareness Act|109|House|HILDA SOLIS(D) |Referred to the Subcommittee on Crime, Terrorism, and Homeland Security.|2005-10-17|https://www.congress.gov/109/bills/hr3921/BILLS-109hr3921ih.pdf
Domestic Violence Courts Assistance Act|109|House|HILDA SOLIS(D) |Referred to the Subcommittee on Crime, Terrorism, and Homeland Security.|2005-10-17|https://www.congress.gov/109/bills/hr3920/BILLS-109hr3920ih.pdf
Protecting Our Children from Sexual Predators Act of 2005|109|House|JIM GIBBONS(R) |Referred to the Subcommittee on Crime, Terrorism, and Homeland Security.|2005-10-17|https://www.congress.gov/109/bills/hr3772/BILLS-109hr3772ih.pdf
Late Term Abortion Restriction Act|109|House|STENY HOYER(D) |Referred to the Subcommittee on the Constitution.|2005-10-17|https://www.congress.gov/109/bills/hr3746/BILLS-109hr3746ih.pdf
Supporting the goals and ideals of Gold Star Mothers Day.|109|House|GIL GUTKNECHT(R) |Read twice and referred to the Committee on the Judiciary.|2005-10-07|https://www.congress.gov/109/bills/hjres61/BILLS-109hjres61rfs.pdf
Violence Against Women Act of 2005|109|Senate|JOSEPH BIDEN(D) |Held at the desk.|2005-10-06|https://www.congress.gov/109/bills/s1197/BILLS-109s1197es.pdf
Resolution expressing the sense of the House of Representatives that the Centers for Medicare & Medicaid Services should be commended for implementing the Medicare demonstration project to assess the quality of care of cancer patients undergoing chemotherapy, and should extend the project through 2006, subject to any appropriate modifications.|109|House|RALPH HALL(R) |The title of the measure was amended. Agreed to without objection.|2005-10-06|https://www.congress.gov/109/bills/hres261/BILLS-109hres261eh.pdf
Supporting the goals and ideals of Domestic Violence Awareness Month and expressing the sense of Congress that Congress should raise awareness of domestic violence in the United States and its devastating effects on families.|109|House|Al Green(D) |Received in the Senate.|2005-09-28|https://www.congress.gov/109/bills/hconres209/BILLS-109hconres209rds.pdf
Expressing the sense of the Congress that the United States flag flown over the United States Capitol should be lowered to half-mast one day each month in honor of the brave men and women from the United States who have lost their lives in military conflicts.|109|House|Lincoln Davis(D) |Referred to the House Committee on House Administration.|2005-09-28|https://www.congress.gov/109/bills/hconres255/BILLS-109hconres255ih.pdf
Violence Against Women Act Court Training and Improvements Act of 2005|109|House|ZOE LOFGREN(D) |Sponsor introductory remarks on measure. (CR H8427)|2005-09-28|https://www.congress.gov/109/bills/hr3171/BILLS-109hr3171ih.pdf
A resolution supporting the goals and ideals of Gold Star Mothers Day.|109|Senate|TOM COBURN(R) |Submitted in the Senate, considered, and agreed to without amendment and with a preamble by Unanimous Consent. (consideration: CR S10391; text as passed Senate: CR S10391; text of measure as introduced: CR S10383)|2005-09-22|https://www.congress.gov/109/bills/sres250/BILLS-109sres250ats.pdf
Recognizing Space Shuttle Commander Eileen Collins, Mission Specialist Wendy Lawrence, and the contributions of all other women who have worked with NASA following the successful mission of Space Shuttle Discovery on STS-114.|109|House|CAROLYN MALONEY(D) |Motion to reconsider laid on the table Agreed to without objection.|2005-09-20|https://www.congress.gov/109/bills/hres450/BILLS-109hres450eh.pdf
Domestic Violence Victim Protection Act|109|House|STEVEN ROTHMAN(D) |Referred to the Subcommittee on Crime, Terrorism, and Homeland Security.|2005-09-19|https://www.congress.gov/109/bills/hr3594/BILLS-109hr3594ih.pdf
National Women's Rights History Project Act of 2005|109|House|LOUISE SLAUGHTER(D) |Referred to the Subcommittee on National Parks.|2005-09-19|https://www.congress.gov/109/bills/hr3779/BILLS-109hr3779ih.pdf
To provide that no Federal funds may be expended for the payment or reimbursement of drugs when prescribed for the treatment of erectile or sexual dysfunction.|109|House|Steve King(R) |Referred to the Subcommittee on Crime, Terrorism, and Homeland Security.|2005-09-19|https://www.congress.gov/109/bills/hr3566/BILLS-109hr3566ih.pdf
Recognizing Space Shuttle Commander Eileen Collins, Mission Specialist Wendy Lawrence, and the contributions of all other women who have worked with NASA in preparing for the launch of Space Shuttle Discovery on STS-114.|109|House|CAROLYN MALONEY(D) |Referred to the House Committee on Science.|2005-09-15|https://www.congress.gov/109/bills/hres446/BILLS-109hres446ih.pdf
Providing for consideration of the bill (H.R. 3132) to make improvements to the national sex offender registration program, and for other purposes.|109|House|Phil Gingrey(R) |Motion to reconsider laid on the table Agreed to without objection.|2005-09-14|https://www.congress.gov/109/bills/hres436/BILLS-109hres436eh.pdf
A joint resolution supporting the goals and ideals of Gold Star Mothers Day.|109|Senate|TOM COBURN(R) |Read twice and referred to the Committee on the Judiciary.|2005-09-09|https://www.congress.gov/109/bills/sjres23/BILLS-109sjres23is.pdf
National Women's History Museum Act of 2005|109|Senate|Susan Collins(R) |Referred to the Subcommittee on Economic Development, Public Buildings and Emergency Management.|2005-09-07|https://www.congress.gov/109/bills/s501/BILLS-109s501rfh.pdf
Sexual Predator Effective Monitoring Act of 2005|109|House|ALCEE HASTINGS(D) |Referred to the Subcommittee on Crime, Terrorism, and Homeland Security.|2005-08-23|https://www.congress.gov/109/bills/hr3382/BILLS-109hr3382ih.pdf
To extend eligibility for refugee status of unmarried sons and daughters of certain Vietnamese refugees.|109|House|THOMAS DAVIS(R) |Referred to the Subcommittee on Immigration, Border Security, and Claims.|2005-08-23|https://www.congress.gov/109/bills/hr3320/BILLS-109hr3320ih.pdf
Sex Offender Registration and Notification Act|109|House|MARK FOLEY(R) |Referred to the Subcommittee on Crime, Terrorism, and Homeland Security.|2005-08-23|https://www.congress.gov/109/bills/hr3133/BILLS-109hr3133ih.pdf
Foster Child Protection and Child Sexual Predator Sentencing Act of 2005|109|House|TOM DELAY(R) |Referred to the Subcommittee on Crime, Terrorism, and Homeland Security.|2005-08-23|https://www.congress.gov/109/bills/hr3129/BILLS-109hr3129ih.pdf
Violence Against Women Reauthorization Act of 2005|109|House|MARK GREEN(R) |Referred to the Subcommittee on Select Education.|2005-08-10|https://www.congress.gov/109/bills/hr2876/BILLS-109hr2876ih.pdf
Responsible Funding to Prevent Teen Pregnancy Act|109|House|JANE HARMAN(D) |Referred to the Subcommittee on Health.|2005-08-05|https://www.congress.gov/109/bills/hr3555/BILLS-109hr3555ih.pdf
Expressing the sense of Congress with respect to the establishment of an appropriate day for the commemoration of the women suffragists who fought for and won the right of women to vote in the United States.|109|House|SHELLEY BERKLEY(D) |Became Public Law No: 109-49.|2005-08-02|https://www.congress.gov/109/bills/hjres59/BILLS-109hjres59enr.pdf
A bill to designate the facility of the United States Postal Service located at 1915 Fulton Street in Brooklyn, New York, as the "Congresswoman Shirley A. Chisholm Post Office Building".|109|Senate|Charles Schumer(D) |Became Public Law No: 109-50.|2005-08-02|https://www.congress.gov/109/bills/s571/BILLS-109s571enr.pdf
A resolution encouraging the Transitional National Assembly of Iraq to adopt a constitution that grants women equal rights under the law and to work to protect such rights.|109|Senate|MARY LANDRIEU(D) |Submitted in the Senate, considered, and agreed to without amendment and with a preamble by Unanimous Consent. (consideration: CR S9583-9584; text as passed Senate: CR S9583-9584; text of measure as introduced: CR S9541)|2005-07-29|https://www.congress.gov/109/bills/sres231/BILLS-109sres231ats.pdf
A bill to permit Women's Business Centers to re-compete for sustainability grants.|109|Senate|Olympia Snowe(R) |Referred to the House Committee on Small Business.|2005-07-28|https://www.congress.gov/109/bills/s1517/BILLS-109s1517rfh.pdf
A resolution expressing gratitude and appreciation to the men and women of the United States Armed Forces who served in World War II, commending the acts of heroism displayed by those servicemembers, and recognizing the "Greatest Generation Homecoming Weekend" to be held in Pittsburgh, Pennsylvania.|109|Senate|RICK SANTORUM(R) |Submitted in the Senate, considered, and agreed to without amendment and with a preamble by Unanimous Consent. (consideration: CR S9199-9200; text as passed Senate: CR S9199-9200; text of measure as introduced: CR S9187-9188)|2005-07-27|https://www.congress.gov/109/bills/sres216/BILLS-109sres216ats.pdf
Encouraging the Transitional National Assembly of Iraq to adopt a constitution that grants women equal rights under the law and to work to protect such rights.|109|House|KAY GRANGER(R) |Motion to reconsider laid on the table Agreed to without objection.|2005-07-27|https://www.congress.gov/109/bills/hres383/BILLS-109hres383eh.pdf
Women's Obstetrician and Gynecologist Access Now Act|109|House|SUSAN DAVIS(D) |Referred to the Subcommittee on Employer-Employee Relations.|2005-07-25|https://www.congress.gov/109/bills/hr2937/BILLS-109hr2937ih.pdf
To suspend temporarily the duty on certain footwear for girls.|109|House|JIM RYUN(R) |Referred to the Subcommittee on Trade.|2005-07-24|https://www.congress.gov/109/bills/hr3389/BILLS-109hr3389ih.pdf
To suspend temporarily the duty on certain women's footwear.|109|House|JIM RYUN(R) |Referred to the Subcommittee on Trade.|2005-07-24|https://www.congress.gov/109/bills/hr3388/BILLS-109hr3388ih.pdf
To direct the Architect of the Capitol to enter into a contract to revise the statue commemorating women's suffrage located in the rotunda of the United States Capitol to include a likeness of Sojourner Truth.|109|House|SHEILA JACKSON-LEE(D) |Sponsor introductory remarks on measure. (CR H5971)|2005-07-19|https://www.congress.gov/109/bills/hr937/BILLS-109hr937ih.pdf
Commending the State of Kuwait for granting women certain important political rights.|109|House|JOSEPH CROWLEY(D) |On motion to suspend the rules and agree to the resolution Agreed to by the Yeas and Nays: (2/3 required): 420 - 0 (Roll no. 368). (text: CR 7/11/2005 H5612)|2005-07-12|https://www.congress.gov/109/bills/hres343/BILLS-109hres343eh.pdf
Child Interstate Abortion Notification Act|109|House|ILEANA ROS-LEHTINEN(R) |Read the second time. Placed on Senate Legislative Calendar under General Orders. Calendar No. 157.|2005-07-11|https://www.congress.gov/109/bills/hr748/BILLS-109hr748pcs.pdf
Sexual Predator Sentencing Act|109|House|SAM GRAVES(R) |Referred to the Subcommittee on Crime, Terrorism, and Homeland Security.|2005-07-01|https://www.congress.gov/109/bills/hr2942/BILLS-109hr2942ih.pdf
To amend title 18, United States Code, to increase the penalty provided for the sexual abuse of a minor or ward.|109|House|VICTOR SNYDER(D) |Referred to the Subcommittee on Crime, Terrorism, and Homeland Security.|2005-07-01|https://www.congress.gov/109/bills/hr2415/BILLS-109hr2415ih.pdf
Recognizing the importance of the decision of the Supreme Court, Griswold v. Connecticut, which 40 years ago held that married couples have a constitutional right to use contraceptives, thereby recognizing the legal right of women to control their fertility through birth control and providing for vast improvements in maternal and infant health and for significant reductions in the rate of unintended pregnancy, and for other purposes.|109|House|ROSA DELAURO(D) |Referred to the Subcommittee on the Constitution.|2005-07-01|https://www.congress.gov/109/bills/hres311/BILLS-109hres311ih.pdf
WISEWOMAN Expansion Act of 2005|109|House|ROSA DELAURO(D) |Referred to the Subcommittee on Health.|2005-07-01|https://www.congress.gov/109/bills/hr3086/BILLS-109hr3086ih.pdf
Expressing the sense of the House of Representatives that Pasqualine J. Lawson of Denver, Colorado, an African American woman who valiantly served her country in the Army Air Corps during World War II and serving as a hospital neuropsychiatric team member, was unfairly passed over for promotion and should have held the grade of technical sergeant, rather than private first class, upon her discharge from the service on January 2, 1946.|109|House|DIANA DEGETTE(D) |Referred to the Subcommittee on Military Personnel.|2005-06-28|https://www.congress.gov/109/bills/hres257/BILLS-109hres257ih.pdf
Recognizing the importance of sports in fostering the leadership ability and success of women.|109|House|ROSA DELAURO(D) |Referred to the House Committee on Government Reform.|2005-06-23|https://www.congress.gov/109/bills/hres338/BILLS-109hres338ih.pdf
To provide that no Federal funds may be expended for the payment or reimbursement of a drug that is prescribed to a sex offender for the treatment of sexual or erectile dysfunction.|109|House|MICHAEL MCNULTY(D) |Referred to the Subcommittee on Health.|2005-06-21|https://www.congress.gov/109/bills/hr2814/BILLS-109hr2814ih.pdf
Quality of Life for Women Act|109|House|PETE SESSIONS(R) |Referred to the Subcommittee on Health.|2005-06-17|https://www.congress.gov/109/bills/hr2727/BILLS-109hr2727ih.pdf
To amend title XIX of the Social Security Act to require Medicaid drug utilization review programs to deny coverage of erectile dysfunction drugs for individuals registered (or required to be registered) as sex offenders.|109|House|VITO FOSSELLA(R) |Referred to the Subcommittee on Health.|2005-06-17|https://www.congress.gov/109/bills/hr2648/BILLS-109hr2648ih.pdf
To amend titles XVIII and XIX of the Social Security Act to prohibit coverage under the Medicare and Medicaid Programs of sex-enhancing drugs for individuals convicted of a sex offense.|109|House|CHET EDWARDS(D) |Referred to the Subcommittee on Health.|2005-06-17|https://www.congress.gov/109/bills/hr2626/BILLS-109hr2626ih.pdf
Sex Offender Registration and Notification Act|109|House|MARK FOLEY(R) |Subcommittee Hearings Held.|2005-06-09|https://www.congress.gov/109/bills/hr2423/BILLS-109hr2423ih.pdf
Prematurity Research Expansion and Education for Mothers who deliver Infants Early Act|109|House|FRED UPTON(R) |Referred to the House Committee on Energy and Commerce.|2005-06-09|https://www.congress.gov/109/bills/hr2861/BILLS-109hr2861ih.pdf
Repairing Young Women's Lives Around the World Act|109|House|CAROLYN MALONEY(D) |Referred to the House Committee on International Relations.|2005-06-08|https://www.congress.gov/109/bills/hr2811/BILLS-109hr2811ih.pdf
Protection Against Sexual Exploitation of Children Act of 2005|109|House|MARK GREEN(R) |Subcommittee Hearings Held.|2005-06-07|https://www.congress.gov/109/bills/hr2318/BILLS-109hr2318ih.pdf
End Demand for Sex Trafficking Act of 2005|109|House|DEBORAH PRYCE(R) |Referred to the Subcommittee on Crime, Terrorism, and Homeland Security.|2005-06-06|https://www.congress.gov/109/bills/hr2012/BILLS-109hr2012ih.pdf
Credit Availability for Women-Owned Businesses Act of 2005|109|House|ROBERT ANDREWS(D) |Referred to the Subcommittee on Financial Institutions and Consumer Credit.|2005-06-03|https://www.congress.gov/109/bills/hr2570/BILLS-109hr2570ih.pdf
Pregnancy Discrimination Act Amendments of 2005|109|House|CAROLYN MALONEY(D) |Referred to the Subcommittee on Employer-Employee Relations.|2005-05-31|https://www.congress.gov/109/bills/hr2122/BILLS-109hr2122ih.pdf
A bill to express the sense of Congress on women in combat.|109|Senate|HILLARY CLINTON(D) |Read twice and referred to the Committee on Armed Services.|2005-05-26|https://www.congress.gov/109/bills/s1134/BILLS-109s1134is.pdf
A bill to provide that no Federal funds may be expended for the payment or reimbursement of a drug that is prescribed to a sex offender for the treatment of sexual or erectile dysfunction.|109|Senate|Charles Schumer(D) |Read twice and referred to the Committee on Finance. (text of measure as introduced: CR S5933)|2005-05-25|https://www.congress.gov/109/bills/s1126/BILLS-109s1126is.pdf
Commending the State of Kuwait for granting women certain important political rights.|109|House|JOSEPH CROWLEY(D) |Referred to the House Committee on International Relations.|2005-05-23|https://www.congress.gov/109/bills/hres292/BILLS-109hres292ih.pdf
Commending the University of Minnesota women's ice hockey team for winning the 2004-2005 National Collegiate Athletic Association Division I Women's Ice Hockey Championship, and for other purposes.|109|House|MARTIN SABO(D) |Referred to the Subcommittee on 21st Century Competitiveness.|2005-05-17|https://www.congress.gov/109/bills/hres238/BILLS-109hres238ih.pdf
Supporting the goals and ideals of the Day of Silence with respect to discrimination and harassment faced by lesbian, gay, bisexual, and transgender individuals in schools.|109|House|ELIOT ENGEL(D) |Referred to the Subcommittee on the Constitution.|2005-05-10|https://www.congress.gov/109/bills/hconres123/BILLS-109hconres123ih.pdf
Restoring Safety to Indian Women Act|109|Senate|JOHN MCCAIN(R) |Read twice and referred to the Committee on Indian Affairs. (text of measure as introduced: CR S4873-4874)|2005-05-10|https://www.congress.gov/109/bills/s987/BILLS-109s987is.pdf
To protect the civil rights of victims of gender-motivated violence and to promote public safety, health, and regulate activities affecting interstate commerce by creating employer liability for negligent conduct that results in an individual's committing a gender-motivated crime of violence against another individual on premises controlled by the employer, and for other purposes.|109|House|CAROLYN MALONEY(D) |Referred to the Subcommittee on Crime, Terrorism, and Homeland Security.|2005-05-10|https://www.congress.gov/109/bills/hr714/BILLS-109hr714ih.pdf
To amend title II of the Social Security Act to provide for full benefits for disabled widows and widowers without regard to age.|109|House|NITA LOWEY(D) |Referred to the Subcommittee on Social Security.|2005-05-10|https://www.congress.gov/109/bills/hr2191/BILLS-109hr2191ih.pdf
Women's Health Office Act of 2005|109|House|CAROLYN MALONEY(D) |Sponsor introductory remarks on measure. (CR E925-926)|2005-05-10|https://www.congress.gov/109/bills/hr949/BILLS-109hr949ih.pdf
Women's Health Office Act of 2005|109|Senate|Olympia Snowe(R) |Sponsor introductory remarks on measure. (CR S4863-4864)|2005-05-10|https://www.congress.gov/109/bills/s569/BILLS-109s569is.pdf
Sexual Predator Effective Monitoring Act of 2005|109|Senate|CLARENCE NELSON(D) |Read twice and referred to the Committee on the Judiciary. (text of measure as introduced: CR S4650)|2005-05-09|https://www.congress.gov/109/bills/s980/BILLS-109s980is.pdf
Expressing the sense of the House of Representatives that Pasqualine J. Gibbons of Denver, Colorado, an African American woman who valiantly served her country in the Army Air Corps during World War II, was unfairly passed over for promotion and should have held the grade of technical sergeant, rather than private first class, upon her discharge from the service on January 2, 1946.|109|House|DIANA DEGETTE(D) |Referred to the Subcommittee on Military Personnel.|2005-05-06|https://www.congress.gov/109/bills/hres204/BILLS-109hres204ih.pdf
Congratulating the Baylor University Lady Bear Women's Basketball team on winning the 2005 NCAA Championship for basketball.|109|House|CHET EDWARDS(D) |Referred to the Subcommittee on 21st Century Competitiveness.|2005-04-29|https://www.congress.gov/109/bills/hres205/BILLS-109hres205ih.pdf
A resolution commemorating and acknowledging the dedication and sacrifice made by the men and women who have lost their lives while serving as law enforcement officers.|109|Senate|ARLEN SPECTER(R) |Resolution agreed to in Senate without amendment and with a preamble by Unanimous Consent. (text: CR 4/28/2005 S4604)|2005-04-29|https://www.congress.gov/109/bills/sres131/BILLS-109sres131ats.pdf
End Demand for Sex Trafficking Act of 2005|109|Senate|John Cornyn(R) |Read twice and referred to the Committee on the Judiciary.|2005-04-28|https://www.congress.gov/109/bills/s937/BILLS-109s937is.pdf
Recognizing the significance of African American women in the United States scientific community.|109|House|EDDIE JOHNSON(D) |Received in the Senate and referred to the Committee on the Judiciary.|2005-04-27|https://www.congress.gov/109/bills/hconres96/BILLS-109hconres96rfs.pdf
Providing for consideration of the bill (H.R. 748) to amend title 18, United States Code, to prevent the transportation of minors in circumvention of certain laws relating to abortion, and for other purposes.|109|House|Phil Gingrey(R) |Motion to reconsider laid on the table Agreed to without objection.|2005-04-27|https://www.congress.gov/109/bills/hres236/BILLS-109hres236eh.pdf
A resolution commending the University of Minnesota Golden Gophers women's ice hockey team for winning the 2004-2005 National Collegiate Athletic Association Division I Women's Hockey Championship.|109|Senate|Norm Coleman(R) |Submitted in the Senate, considered, and agreed to without amendment and with a preamble by Unanimous Consent. (consideration: CR S4348-4349; text as passed Senate: CR S4349; text of measure as introduced: CR S4265)|2005-04-26|https://www.congress.gov/109/bills/sres125/BILLS-109sres125ats.pdf
Access to Reproductive Health Information Act|109|Senate|BARBARA BOXER(D) |Read the second time. Placed on Senate Legislative Calendar under General Orders. Calendar No. 77.|2005-04-20|https://www.congress.gov/109/bills/s839/BILLS-109s839pcs.pdf
A resolution commending the Lady Bears of Baylor University for winning the 2005 National Collegiate Athletic Association Division I Women's Basketball Championship.|109|Senate|KAY HUTCHISON(R) |Submitted in the Senate, considered, and agreed to without amendment and with a preamble by Unanimous Consent. (consideration: CR S3438; text as passed Senate: CR S3438; text of measure as introduced: CR S3434-3435)|2005-04-11|https://www.congress.gov/109/bills/sres103/BILLS-109sres103ats.pdf
Congratulating the people of Malaysia and honoring Datuk Siti Norma Binti Yaacob regarding her recent appointment as the first female Chief Judge of Malaya, Malaysia.|109|House|GREGORY MEEKS(D) |Referred to the Subcommittee on Asia and the Pacific.|2005-04-07|https://www.congress.gov/109/bills/hres174/BILLS-109hres174ih.pdf
A resolution commending Patricia Sue Head Summitt, head women's basketball coach at the University of Tennessee, for three decades of excellence as a proven leader, motivated teacher, and established champion.|109|Senate|WILLIAM FRIST(R) |Submitted in the Senate, considered, and agreed to without amendment and with a preamble by Unanimous Consent. (consideration: CR S3238-3239; text as passed Senate: CR S3238-3239; text of measure as introduced: CR S3316)|2005-04-06|https://www.congress.gov/109/bills/sres97/BILLS-109sres97ats.pdf
Proposing an amendment to the Constitution of the United States relative to equal rights for men and women.|109|House|CAROLYN MALONEY(D) |Referred to the Subcommittee on the Constitution.|2005-04-04|https://www.congress.gov/109/bills/hjres37/BILLS-109hjres37ih.pdf
To amend the Immigration and Nationality Act to give priority in the issuance of immigrant visas to the sons and daughters of Filipino World War II veterans who are or were naturalized citizens of the United States, and for other purposes.|109|House|Ed Case(D) |Referred to the Subcommittee on Immigration, Border Security, and Claims.|2005-04-04|https://www.congress.gov/109/bills/hr901/BILLS-109hr901ih.pdf
Domestic Violence Connections Campaign Act of 2005|109|House|JOHN CONYERS(D) |Referred to the Subcommittee on Select Education.|2005-03-24|https://www.congress.gov/109/bills/hr696/BILLS-109hr696ih.pdf
Prenatally Diagnosed Condition Awareness Act|109|House|F. SENSENBRENNER(R) |Referred to the Subcommittee on Health.|2005-03-22|https://www.congress.gov/109/bills/hr1353/BILLS-109hr1353ih.pdf
Recognizing and commending the courage of Iraqi women candidates in the January 30, 2005, Iraqi elections.|109|House|ELLEN TAUSCHER(D) |Referred to the Subcommittee on Middle East and Central Asia.|2005-03-17|https://www.congress.gov/109/bills/hres143/BILLS-109hres143ih.pdf
Expressing the sense of the House of Representatives that the Senate should ratify the Convention on the Elimination of All Forms of Discrimination Against Women (CEDAW).|109|House|LYNN WOOLSEY(D) |Referred to the Subcommittee on Africa, Global Human Rights and International Relations.|2005-03-17|https://www.congress.gov/109/bills/hres67/BILLS-109hres67ih.pdf
Congratulating Wangari Maathai for winning the Nobel Peace Prize and commending her for her tireless work promoting sustainable development, democracy, peace, and women's rights in Africa.|109|House|GREGORY MEEKS(D) |Referred to the Subcommittee on Africa, Global Human Rights and International Relations.|2005-03-17|https://www.congress.gov/109/bills/hres27/BILLS-109hres27ih.pdf
Expressing the sense of Congress that the Government of Japan should formally issue a clear and unambiguous apology for the sexual enslavement of young women during colonial occupation of Asia and World War II, known to the world as "comfort women", and for other purposes.|109|House|LANE EVANS(D) |Referred to the Subcommittee on Asia and the Pacific.|2005-03-17|https://www.congress.gov/109/bills/hconres68/BILLS-109hconres68ih.pdf
Women and Children in Crisis and Conflict Protection Act of 2005|109|House|NITA LOWEY(D) |Referred to the House Committee on International Relations.|2005-03-17|https://www.congress.gov/109/bills/hr1413/BILLS-109hr1413ih.pdf
Prenatally Diagnosed Condition Awareness Act|109|Senate|SAM BROWNBACK(R) |Sponsor introductory remarks on measure. (CR S2982-2983)|2005-03-17|https://www.congress.gov/109/bills/s609/BILLS-109s609is.pdf
Widows and Orphans Act of 2005|109|Senate|SAM BROWNBACK(R) |Read twice and referred to the Committee on the Judiciary.|2005-03-16|https://www.congress.gov/109/bills/s644/BILLS-109s644is.pdf
A joint resolution proposing an amendment to the Constitution of the United States relative to equal rights for men and women.|109|Senate|EDWARD KENNEDY(D) |Read twice and referred to the Committee on the Judiciary. (text of measure as introduced: CR S2745)|2005-03-15|https://www.congress.gov/109/bills/sjres7/BILLS-109sjres7is.pdf
A concurrent resolution conveying the sympathy of Congress to the families of the young women murdered in the State of Chihuahua, Mexico, and encouraging increased United States involvement in bringing an end to these crimes.|109|Senate|JESSE BINGAMAN(D) |Sponsor introductory remarks on measure. (CR S2479-2480)|2005-03-10|https://www.congress.gov/109/bills/sconres16/BILLS-109sconres16is.pdf
To designate the facility of the United States Postal Service located at 1915 Fulton Street in Brooklyn, New York, as the "Congresswoman Shirley A. Chisholm Post Office Building".|109|House|EDOLPHUS TOWNS(D) |Referred to the House Committee on Government Reform.|2005-03-09|https://www.congress.gov/109/bills/hr1209/BILLS-109hr1209ih.pdf
A resolution designating March 8, 2005, as "International Women's Day".|109|Senate|JOSEPH BIDEN(D) |Submitted in the Senate, considered, and agreed to without amendment and with a preamble by Unanimous Consent. (consideration: CR S2289-2295; text as passed Senate: CR S2294-2295; text of measure as introduced: CR S2275)|2005-03-08|https://www.congress.gov/109/bills/sres74/BILLS-109sres74ats.pdf
Directing the Architect of the Capitol to enter into a contract for the design and construction of a monument to commemorate the contributions of minority women to women's suffrage and to the participation of women in public life, and for other purposes.|109|House|DANNY DAVIS(D) |Referred to the House Committee on House Administration.|2005-03-03|https://www.congress.gov/109/bills/hconres84/BILLS-109hconres84ih.pdf
Proposing an amendment to the Constitution of the United States relating to equality of rights and reproductive rights.|109|House|JESSE JACKSON(D) |Referred to the House Committee on Judiciary.|2005-03-02|https://www.congress.gov/109/bills/hjres31/BILLS-109hjres31ih.pdf
Women, Children, and Infant Tsunami Victim Relief Act of 2005|109|House|CAROLYN MALONEY(D) |Sponsor introductory remarks on measure. (CR E325-326)|2005-03-02|https://www.congress.gov/109/bills/hr1011/BILLS-109hr1011ih.pdf
Unborn Child Pain Awareness Act of 2005|109|House|CHRISTOPHER SMITH(R) |Referred to the Subcommittee on Health.|2005-02-25|https://www.congress.gov/109/bills/hr356/BILLS-109hr356ih.pdf
Military Sexual Assault Crimes Revision Act of 2005|109|House|LORETTA SANCHEZ(D) |Referred to the Subcommittee on Military Personnel.|2005-02-24|https://www.congress.gov/109/bills/hr664/BILLS-109hr664ih.pdf
Expressing the sense of the House of Representatives that a postage stamp should be issued honoring American farm women.|109|House|MARK GREEN(R) |Referred to the House Committee on Government Reform.|2005-02-16|https://www.congress.gov/109/bills/hres114/BILLS-109hres114ih.pdf
Pregnancy and Trauma Care Access Protection Act of 2005|109|Senate|Judd Gregg(R) |Read twice and referred to the Committee on the Judiciary.|2005-02-10|https://www.congress.gov/109/bills/s367/BILLS-109s367is.pdf
Healthy Mothers and Healthy Babies Access to Care Act of 2005|109|Senate|Judd Gregg(R) |Read twice and referred to the Committee on the Judiciary.|2005-02-10|https://www.congress.gov/109/bills/s366/BILLS-109s366is.pdf
Women's Health and Cancer Rights Conforming Amendments of 2005|109|House|SUE KELLY(R) |Referred to the Subcommittee on Health.|2005-02-10|https://www.congress.gov/109/bills/hr437/BILLS-109hr437ih.pdf
Congratulating the College of Saint Catherine in Saint Paul, Minnesota, on its centennial anniversary, and commending its outstanding contributions to the education and preparation of women as leaders of our communities, our families, and our nation.|109|House|BETTY MCCOLLUM(D) |Referred to the Subcommittee on 21st Century Competitiveness.|2005-02-09|https://www.congress.gov/109/bills/hres36/BILLS-109hres36ih.pdf
No Financial Aid for Sex Offenders Act|109|House|RIC KELLER(R) |Referred to the Subcommittee on 21st Century Competitiveness.|2005-02-09|https://www.congress.gov/109/bills/hr132/BILLS-109hr132ih.pdf
Recognizing the unique effects that proposals to reform Social Security may have on women.|109|House|ROSA DELAURO(D) |Referred to the House Committee on Ways and Means.|2005-02-01|https://www.congress.gov/109/bills/hres61/BILLS-109hres61ih.pdf
Congratulating the Seattle Storm for winning the 2004 Women's National Basketball Association Championship.|109|House|JIM MCDERMOTT(D) |Referred to the House Committee on Government Reform.|2005-01-26|https://www.congress.gov/109/bills/hres52/BILLS-109hres52ih.pdf
Unborn Child Pain Awareness Act of 2005|109|Senate|SAM BROWNBACK(R) |Sponsor introductory remarks on measure. (CR S512-514)|2005-01-26|https://www.congress.gov/109/bills/s51/BILLS-109s51is.pdf
Remarried Widows' and Widowers' Benefits Act of 2005|109|House|JOHN DUNCAN(R) |Referred to the Subcommittee on Social Security.|2005-01-25|https://www.congress.gov/109/bills/hr77/BILLS-109hr77ih.pdf
Mother-to-Child Transmission Plus Appropriations Act for Fiscal Year 2005|109|House|JUANITA MILLENDER-MCDONALD(D) |Referred to the House Committee on Appropriations.|2005-01-04|https://www.congress.gov/109/bills/hr155/BILLS-109hr155ih.pdf
To define marriage for all legal purposes in the District of Columbia to consist of the union of one man and one woman.|109|House|JO ANN DAVIS(R) |Referred to the House Committee on Government Reform.|2005-01-04|https://www.congress.gov/109/bills/hr72/BILLS-109hr72ih.pdf
To support the Boy Scouts of America and the Girl Scouts of the United States of America.|109|House|JO ANN DAVIS(R) |Referred to the House Committee on Government Reform.|2005-01-04|https://www.congress.gov/109/bills/hr71/BILLS-109hr71ih.pdf
