To designate the City of Salem, Massachusetts, as the Birthplace of the National Guard of the United States.|112|House|JOHN TIERNEY(D) |Became Public Law No: 112-241.|2013-01-10|https://www.congress.gov/112/bills/hr1339/BILLS-112hr1339enr.pdf
To amend the DNA Analysis Backlog Elimination Act of 2000 to provide for Debbie Smith grants for auditing sexual assault evidence backlogs, and for other purposes.|112|Senate|John Cornyn(R) |Message on House action received in Senate and at desk: House amendments to Senate bill.|2013-01-02|https://www.congress.gov/112/bills/s3250/BILLS-112s3250eah.pdf
Women Veterans and Other Health Care Improvements Act of 2012|112|Senate|Patty Murray(D) |Referred to the Subcommittee on Health.|2013-01-02|https://www.congress.gov/112/bills/s3313/BILLS-112s3313rfh.pdf
SAVE Native Women Act|112|Senate|DANIEL AKAKA(D) |Placed on Senate Legislative Calendar under General Orders. Calendar No. 579.|2012-12-27|https://www.congress.gov/112/bills/s1763/BILLS-112s1763rs.pdf
Women's Procurement Program Improvement Act of 2012|112|House|NYDIA VELAZQUEZ(D) |Placed on the Union Calendar, Calendar No. 535.|2012-12-27|https://www.congress.gov/112/bills/hr4203/BILLS-112hr4203rh.pdf
A resolution observing the 100th birthday of civil rights icon Rosa Parks and commemorating her legacy.|112|Senate|CARL LEVIN(D) |Resolution agreed to in Senate without amendment and with a preamble by Unanimous Consent. (text: CR S8232-8233)|2012-12-19|https://www.congress.gov/112/bills/sres618/BILLS-112sres618ats.pdf
Strengthening Investigations of Sex Offenders and Missing Children Act of 2011|112|Senate|Sheldon Whitehouse(D) |Referred to the House Committee on the Judiciary.|2012-12-18|https://www.congress.gov/112/bills/s1792/BILLS-112s1792rfh.pdf
Observing the 100th birthday of civil rights icon Rosa Parks and commemorating her legacy.|112|House|JOHN CONYERS(D) |Referred to the House Committee on the Judiciary.|2012-12-13|https://www.congress.gov/112/bills/hres832/BILLS-112hres832ih.pdf
Violence Against Indian Women Act of 2012|112|House|DARRELL ISSA(R) |Referred to the Subcommittee on Courts, Commercial and Administrative Law.|2012-12-07|https://www.congress.gov/112/bills/hr6625/BILLS-112hr6625ih.pdf
To amend the Wildfire Suppressing Aircraft Transfer Act of 1996 to facilitate inter-agency agreements with the Air National Guard and the Air Force Reserve to secure Defense Support to Civil Authority (DSCA) missions in the initial airborne response to fighting wildfires.|112|House|ELTON GALLEGLY(R) |Referred to the Committee on Oversight and Government Reform, and in addition to the Committee on Armed Services, for a period to be subsequently determined by the Speaker, in each case for consideration of such provisions as fall within the jurisdiction of the committee concerned.|2012-12-05|https://www.congress.gov/112/bills/hr6639/BILLS-112hr6639ih.pdf
A resolution commemorating the 200th anniversary of the founding of the Sisters of Charity of Nazareth, on December 1, 1812.|112|Senate|Ben Cardin(D) |Submitted in the Senate, considered, and agreed to without amendment and with a preamble by Unanimous Consent. (consideration: CR S7309; text as passed Senate: CR S7309; text of measure as introduced: CR S7305)|2012-11-30|https://www.congress.gov/112/bills/sres606/BILLS-112sres606ats.pdf
Military Sexual Assault Prevention Act of 2012|112|Senate|Amy Klobuchar(D) |Read twice and referred to the Committee on Armed Services.|2012-11-29|https://www.congress.gov/112/bills/s3647/BILLS-112s3647is.pdf
Honoring and praising Mother Marianne Cope for her legacy of compassionate care and recognizing her example of what it truly means to dedicate one's life in service to others, especially to those she served at the leprosy settlement at Kalaupapa on the island of Molokai.|112|House|Mazie Hirono(D) |Referred to the House Committee on Foreign Affairs.|2012-11-29|https://www.congress.gov/112/bills/hres823/BILLS-112hres823ih.pdf
Afghan Women and Girls Security Promotion Act of 2012|112|Senate|Bob Casey(D) |Read twice and referred to the Committee on Foreign Relations.|2012-11-28|https://www.congress.gov/112/bills/s3646/BILLS-112s3646is.pdf
Women Veterans and Other Health Care Improvements Act of 2012|112|House|RICK LARSEN(D) |Referred to the Subcommittee on Health.|2012-10-11|https://www.congress.gov/112/bills/hr6527/BILLS-112hr6527ih.pdf
Violence Against Immigrant Women Act of 2012|112|House|JANICE SCHAKOWSKY(D) |Referred to the Subcommittee on Insurance, Housing and Community Opportunity.|2012-10-01|https://www.congress.gov/112/bills/hr5331/BILLS-112hr5331ih.pdf
Pregnant Workers Fairness Act|112|House|JERROLD NADLER(D) |Referred to the Subcommittee on Health, Employment, Labor, and Pensions.|2012-09-26|https://www.congress.gov/112/bills/hr5647/BILLS-112hr5647ih.pdf
Give Workplace Gender Violence Victims Their Day in Court Act of 2012|112|House|CAROLYN MALONEY(D) |Referred to the Subcommittee on Workforce Protections.|2012-09-26|https://www.congress.gov/112/bills/hr6198/BILLS-112hr6198ih.pdf
Women's Option to Raise Kids Act|112|House|PETE STARK(D) |Referred to the Subcommittee on Higher Education and Workforce Training.|2012-09-26|https://www.congress.gov/112/bills/hr4379/BILLS-112hr4379ih.pdf
Violence Against Women Reauthorization Act of 2012|112|House|Gwen Moore(D) |Referred to the Subcommittee on Higher Education and Workforce Training.|2012-09-26|https://www.congress.gov/112/bills/hr4271/BILLS-112hr4271ih.pdf
A resolution recognizing the 100th anniversary of Hadassah, the Women's Zionist Organization of America, Inc.|112|Senate|BARBARA BOXER(D) |Resolution agreed to in Senate without amendment and with a preamble by Unanimous Consent. (text: CR 9/21/2012 S6676)|2012-09-22|https://www.congress.gov/112/bills/sres448/BILLS-112sres448ats.pdf
Commission to Study the Potential Creation of a National Women's History Museum Act of 2012|112|House|CAROLYN MALONEY(D) |Referred to the Subcommittee on National Parks, Forests and Public Lands.|2012-09-21|https://www.congress.gov/112/bills/hr6421/BILLS-112hr6421ih.pdf
A resolution congratulating the Nunaka Valley Little League Junior girls softball team on winning the 2012 Little League Junior Softball World Series.|112|Senate|Mark Begich(D) |Referred to the Committee on the Judiciary. (text of measure as introduced: CR S6555)|2012-09-20|https://www.congress.gov/112/bills/sres571/BILLS-112sres571is.pdf
Expressing the sense of the House of Representative that the Boys & Girls Clubs of America should be commended for their unique role in improving outcomes for millions of youth and thousands of communities.|112|House|CHAKA FATTAH(D) |Referred to the Subcommittee on Immigration Policy and Enforcement.|2012-09-19|https://www.congress.gov/112/bills/hres774/BILLS-112hres774ih.pdf
National Women's History Museum Commission Act of 2012|112|Senate|Susan Collins(R) |Read twice and referred to the Committee on Energy and Natural Resources.|2012-09-19|https://www.congress.gov/112/bills/s3567/BILLS-112s3567is.pdf
Pregnant Workers Fairness Act|112|Senate|Bob Casey(D) |Read twice and referred to the Committee on Health, Education, Labor, and Pensions.|2012-09-19|https://www.congress.gov/112/bills/s3565/BILLS-112s3565is.pdf
Child Interstate Abortion Notification Act|112|House|ILEANA ROS-LEHTINEN(R) |Placed on the Union Calendar, Calendar No. 483.|2012-09-14|https://www.congress.gov/112/bills/hr2299/BILLS-112hr2299rh.pdf
Women, Peace, and Security Act of 2012|112|Senate|BARBARA BOXER(D) |Read twice and referred to the Committee on Foreign Relations.|2012-08-01|https://www.congress.gov/112/bills/s3477/BILLS-112s3477is.pdf
Women and Minorities in STEM Booster Act of 2012|112|Senate|MARY LANDRIEU(D) |Read twice and referred to the Committee on Health, Education, Labor, and Pensions.|2012-08-01|https://www.congress.gov/112/bills/s3475/BILLS-112s3475is.pdf
Convicted Child Sex Offender DNA Index System Support Act|112|House|PETER KING(R) |Referred to the Subcommittee on Crime, Terrorism, and Homeland Security.|2012-08-01|https://www.congress.gov/112/bills/hr6196/BILLS-112hr6196ih.pdf
Women, Peace, and Security Act of 2012|112|House|Russ Carnahan(D) |Referred to the Committee on Foreign Affairs, and in addition to the Committee on Armed Services, for a period to be subsequently determined by the Speaker, in each case for consideration of such provisions as fall within the jurisdiction of the committee concerned.|2012-08-01|https://www.congress.gov/112/bills/hr6255/BILLS-112hr6255ih.pdf
District of Columbia Pain-Capable Unborn Child Protection Act|112|House|Trent Franks(R) |On motion to suspend the rules and pass the bill, as amended Failed by the Yeas and Nays: (2/3 required): 220 - 154, 2 Present (Roll no. 539).|2012-07-31|https://www.congress.gov/112/bills/hr3803/BILLS-112hr3803rh.pdf
A resolution designating August 16, 2012, as "National Airborne Day".|112|Senate|Lisa Murkowski(R) |Submitted in the Senate, considered, and agreed to without amendment and with a preamble by Unanimous Consent. (consideration: CR S5318; text as passed Senate: CR S5318; text of measure as introduced: CR S5308)|2012-07-24|https://www.congress.gov/112/bills/sres527/BILLS-112sres527ats.pdf
To reauthorize appropriations for the National Women's Rights History Project Act.|112|House|LOUISE SLAUGHTER(D) |Referred to the Subcommittee on National Parks, Forests and Public Lands.|2012-07-24|https://www.congress.gov/112/bills/hr6150/BILLS-112hr6150ih.pdf
Recognizing the 150th anniversary of the Rock Island Arsenal and the men and women who currently and have previously worked on Arsenal Island.|112|House|David Loebsack(D) |Referred to the Subcommittee on Military Personnel.|2012-07-19|https://www.congress.gov/112/bills/hres720/BILLS-112hres720ih.pdf
Ensuring Women's Access to Free-Market Healthcare Act of 2012|112|House|Bill Cassidy(R) |Referred to the House Committee on Ways and Means.|2012-07-19|https://www.congress.gov/112/bills/hr6162/BILLS-112hr6162ih.pdf
Recognizing the importance of frontline health workers toward accelerating progress on global health and saving the lives of women and children, and for other purposes.|112|House|NITA LOWEY(D) |Referred to the House Committee on Foreign Affairs.|2012-07-18|https://www.congress.gov/112/bills/hres734/BILLS-112hres734ih.pdf
Gender Equality Combat Act|112|House|LORETTA SANCHEZ(D) |Referred to the Subcommittee on Military Personnel.|2012-07-10|https://www.congress.gov/112/bills/hr5792/BILLS-112hr5792ih.pdf
International Protecting Girls by Preventing Child Marriage Act of 2012|112|House|BETTY MCCOLLUM(D) |Referred to the House Committee on Foreign Affairs.|2012-07-09|https://www.congress.gov/112/bills/hr6087/BILLS-112hr6087ih.pdf
A resolution congratulating the Northwestern Wildcats Women's Lacrosse Team on winning the 2012 National Collegiate Athletic Association Division I Women's Lacrosse Championship.|112|Senate|Richard Durbin(D) |Referred to the Committee on the Judiciary. (text of measure as introduced: CR S4776-4777)|2012-06-29|https://www.congress.gov/112/bills/sres517/BILLS-112sres517is.pdf
A resolution commemorating the 225th anniversary of the signing of the Constitution of the United States and recognizing the contributions of the National Society of the Sons of the American Revolution and the National Society Daughters of the American Revolution.|112|Senate|Roger Wicker(R) |Resolution agreed to in Senate without amendment and with a preamble by Unanimous Consent. (text: CR S4780-4781)|2012-06-29|https://www.congress.gov/112/bills/sres376/BILLS-112sres376ats.pdf
A resolution honoring Catholic Sisters for their contributions to the United States.|112|Senate|BARBARA MIKULSKI(D) |Referred to the Committee on the Judiciary. (text of measure as introduced: CR S4727)|2012-06-28|https://www.congress.gov/112/bills/sres515/BILLS-112sres515is.pdf
A bill to amend title 38, United States Code, to improve the furnishing of benefits for homeless veterans who are women or who have dependents, and for other purposes.|112|Senate|Dean Heller(R) |Committee on Veterans' Affairs. Hearings held. Hearings printed: S.Hrg. 112-668.|2012-06-27|https://www.congress.gov/112/bills/s3308/BILLS-112s3308is.pdf
A bill to amend title 38, United States Code, to improve the disability compensation evaluation procedure of the Secretary of Veterans Affairs for veterans with post-traumatic stress disorder or mental health conditions related to military sexual trauma, and for other purposes.|112|Senate|Jon Tester(D) |Committee on Veterans' Affairs. Hearings held. Hearings printed: S.Hrg. 112-668.|2012-06-27|https://www.congress.gov/112/bills/s1391/BILLS-112s1391is.pdf
To require the Chief of the Forest Service to make the Forest Service First and Second Generation Modular Airborne FireFighting System (MAFFS) units available to units of the Air National Guard and Air Force Reserve that have the aircraft capability and pilot and crew member training adequate for utilizing such firefighting systems to help alleviate the shortage of air tankers to fight wildfires.|112|House|ELTON GALLEGLY(R) |Referred to the Subcommittee on Conservation, Energy, and Forestry.|2012-06-27|https://www.congress.gov/112/bills/hr5965/BILLS-112hr5965ih.pdf
A resolution commending the efforts of the women of the American Red Cross Clubmobiles for exemplary service during the Second World War.|112|Senate|Susan Collins(R) |Resolution agreed to in Senate without amendment and an amended preamble by Unanimous Consent. (text: CR S4429)|2012-06-21|https://www.congress.gov/112/bills/sres471/BILLS-112sres471ats.pdf
Recognizing the 40th anniversary of the enactment of Title IX of the Education Amendments of 1972, which prohibits discrimination on the basis of sex in Federally funded education programs or activities.|112|House|LOUISE SLAUGHTER(D) |Referred to the House Committee on Education and the Workforce.|2012-06-21|https://www.congress.gov/112/bills/hres700/BILLS-112hres700ih.pdf
A resolution celebrating the accomplishments of title IX of the Education Amendments of 1972, also known as the Patsy Takemoto Mink Equal Opportunity in Education Act, and recognizing the need to continue pursuing the goal of equal educational opportunities for all women and girls.|112|Senate|Patty Murray(D) |Submitted in the Senate, considered, and agreed to without amendment and with a preamble by Unanimous Consent. (consideration: CR S4375-4377; text as passed Senate: CR S4375-4376; text of measure as introduced: CR S4373-4374)|2012-06-20|https://www.congress.gov/112/bills/sres500/BILLS-112sres500ats.pdf
Recognizing the 40th anniversary of title IX, the Federal law that prohibits sex discrimination in education, including high school and college sports and other activities.|112|House|CAROLYN MALONEY(D) |Referred to the House Committee on Education and the Workforce.|2012-06-20|https://www.congress.gov/112/bills/hres694/BILLS-112hres694ih.pdf
Honoring Catholic sisters for their contributions to the United States.|112|House|ROSA DELAURO(D) |Referred to the House Committee on Oversight and Government Reform.|2012-06-18|https://www.congress.gov/112/bills/hres689/BILLS-112hres689ih.pdf
International Violence Against Women Act of 2012|112|House|JANICE SCHAKOWSKY(D) |Referred to the House Committee on Foreign Affairs.|2012-06-07|https://www.congress.gov/112/bills/hr5905/BILLS-112hr5905ih.pdf
Expressing the sense of the Congress that involuntary homelessness for families, women, and children in America should be eliminated.|112|House|JOHN CONYERS(D) |Referred to the Subcommittee on Insurance, Housing and Community Opportunity.|2012-06-01|https://www.congress.gov/112/bills/hconres119/BILLS-112hconres119ih.pdf
Violence Against Women Reauthorization Act of 2012|112|House|JUDY BIGGERT(R) |Referred to the Subcommittee on Insurance, Housing and Community Opportunity.|2012-06-01|https://www.congress.gov/112/bills/hr4982/BILLS-112hr4982ih.pdf
International Protecting Girls by Preventing Child Marriage Act of 2011|112|Senate|Richard Durbin(D) |Referred to the House Committee on Foreign Affairs.|2012-05-29|https://www.congress.gov/112/bills/s414/BILLS-112s414rfh.pdf
Violence Against Women Reauthorization Act of 2012|112|House|Sandy Adams(R) |Received in the Senate. Read twice. Placed on Senate Legislative Calendar under General Orders. Calendar No. 406.|2012-05-21|https://www.congress.gov/112/bills/hr4970/BILLS-112hr4970pcs.pdf
Expressing the sense of the House of Representatives that Congress should work to eliminate the facilitated sexual exploitation and trafficking of minors over the Internet.|112|House|John Barrow(D) |Referred to the Subcommittee on Intellectual Property, Competition and the Internet.|2012-05-18|https://www.congress.gov/112/bills/hres649/BILLS-112hres649ih.pdf
Celebrating the centennial of the birth of Senator Henry M. "Scoop" Jackson.|112|House|RICK LARSEN(D) |Referred to the House Committee on House Administration.|2012-05-18|https://www.congress.gov/112/bills/hconres125/BILLS-112hconres125ih.pdf
To amend title 5, United States Code, to provide that spouses and widows or widowers of certain veterans and members of the armed forces receive preference with respect to employment in the competitive service, and for other purposes.|112|House|EDOLPHUS TOWNS(D) |Referred to the House Committee on Oversight and Government Reform.|2012-05-18|https://www.congress.gov/112/bills/hr5852/BILLS-112hr5852ih.pdf
Women's Small Business Ownership Act of 2012|112|Senate|Olympia Snowe(R) |Read twice and referred to the Committee on Small Business and Entrepreneurship. (text of measure as introduced: CR S3283-3286)|2012-05-17|https://www.congress.gov/112/bills/s3197/BILLS-112s3197is.pdf
National Womens' High-Growth Business Bipartisan Task Force Act of 2012|112|Senate|Olympia Snowe(R) |Read twice and referred to the Committee on Small Business and Entrepreneurship. (text of measure as introduced: CR S3282-3283)|2012-05-17|https://www.congress.gov/112/bills/s3196/BILLS-112s3196is.pdf
Providing for consideration of the bill (H.R. 4970) to reauthorize the Violence Against Women Act of 1994, and providing for consideration of the bill (H.R. 4310) to authorize appropriations for fiscal year 2013 for military activities of the Department of Defense, to prescribe military personnel strengths for fiscal year 2013, and for other purposes.|112|House|Virginia Foxx(R) |On agreeing to the resolution Agreed to by the Yeas and Nays: 235 - 186, 1 Present (Roll no. 255). (text: CR H2726)|2012-05-16|https://www.congress.gov/112/bills/hres656/BILLS-112hres656eh.pdf
Gender Equality in Combat Act|112|Senate|Kirsten Gillibrand(D) |Read twice and referred to the Committee on Armed Services.|2012-05-15|https://www.congress.gov/112/bills/s3182/BILLS-112s3182is.pdf
A bill to allow funds under title II of the Elementary and Secondary Education Act of 1965 to be used to provide training to school personnel regarding how to recognize child sexual abuse.|112|Senate|Dianne Feinstein(D) |Read twice and referred to the Committee on Health, Education, Labor, and Pensions. (text of measure as introduced: CR S3131)|2012-05-14|https://www.congress.gov/112/bills/s3173/BILLS-112s3173is.pdf
To extend the temporary suspension of duty on certain work footwear for women.|112|House|Lynn Jenkins(R) |Referred to the Subcommittee on Trade.|2012-05-14|https://www.congress.gov/112/bills/hr5618/BILLS-112hr5618ih.pdf
To reduce temporarily the rate of duty on certain girls' trousers and breeches.|112|House|EARL BLUMENAUER(D) |Referred to the Subcommittee on Trade.|2012-05-14|https://www.congress.gov/112/bills/hr5558/BILLS-112hr5558ih.pdf
To reduce temporarily the rate of duty on certain girls' shorts.|112|House|EARL BLUMENAUER(D) |Referred to the Subcommittee on Trade.|2012-05-14|https://www.congress.gov/112/bills/hr5557/BILLS-112hr5557ih.pdf
To suspend temporarily the duty on certain women's footwear.|112|House|Tim Huelskamp(R) |Referred to the Subcommittee on Trade.|2012-05-14|https://www.congress.gov/112/bills/hr5432/BILLS-112hr5432ih.pdf
To suspend temporarily the duty on certain women's footwear.|112|House|Tim Huelskamp(R) |Referred to the Subcommittee on Trade.|2012-05-14|https://www.congress.gov/112/bills/hr5431/BILLS-112hr5431ih.pdf
To suspend temporarily the duty on certain non-women's footwear.|112|House|Tim Huelskamp(R) |Referred to the Subcommittee on Trade.|2012-05-14|https://www.congress.gov/112/bills/hr5430/BILLS-112hr5430ih.pdf
To suspend temporarily the duty on certain non-women's footwear.|112|House|Tim Huelskamp(R) |Referred to the Subcommittee on Trade.|2012-05-14|https://www.congress.gov/112/bills/hr5429/BILLS-112hr5429ih.pdf
To suspend temporarily the duty on certain women's footwear.|112|House|Tim Huelskamp(R) |Referred to the Subcommittee on Trade.|2012-05-14|https://www.congress.gov/112/bills/hr5428/BILLS-112hr5428ih.pdf
To suspend temporarily the duty on certain footwear for girls with outer soles of rubber, plastics, leather, or composition leather and uppers of leather, not covering the ankle.|112|House|Tim Huelskamp(R) |Referred to the Subcommittee on Trade.|2012-05-14|https://www.congress.gov/112/bills/hr5424/BILLS-112hr5424ih.pdf
To suspend temporarily the rate of duty on certain leathered footwear for women.|112|House|Suzanne Bonamici(D) |Referred to the Subcommittee on Trade.|2012-05-14|https://www.congress.gov/112/bills/hr5330/BILLS-112hr5330ih.pdf
Recognizing the potential for the virtual elimination of pediatric HIV and AIDS and keeping HIV positive mothers alive.|112|House|Trent Franks(R) |Referred to the Subcommittee on Health.|2012-05-11|https://www.congress.gov/112/bills/hconres123/BILLS-112hconres123ih.pdf
Protecting Women's Access to Health Care Act|112|House|Robert Dold(R) |Referred to the Subcommittee on Health.|2012-05-11|https://www.congress.gov/112/bills/hr5650/BILLS-112hr5650ih.pdf
Authorizing the use of Emancipation Hall in the Capitol Visitor Center for an event to celebrate the birthday of King Kamehameha.|112|House|Colleen Hanabusa(D) |Message on Senate action sent to the House.|2012-05-10|https://www.congress.gov/112/bills/hconres105/BILLS-112hconres105enr.pdf
A bill to reduce temporarily the duty on girls' knitted or crocheted shorts of synthetic fibers.|112|Senate|Ron Wyden(D) |Read twice and referred to the Committee on Finance.|2012-05-09|https://www.congress.gov/112/bills/s3064/BILLS-112s3064is.pdf
A bill to suspend temporarily the duty on women's sports bras of stretch fabric with textile or polymer-based electrodes knit into or attached to the fabric and that incorporate connectors designed to secure an electronic transmitter that transmits physiological information from the electrodes to a compatible monitor.|112|Senate|Ron Wyden(D) |Read twice and referred to the Committee on Finance.|2012-05-09|https://www.congress.gov/112/bills/s3061/BILLS-112s3061is.pdf
A bill to reduce temporarily the duty on girls' knitted or crocheted trousers and breeches of synthetic fibers.|112|Senate|Ron Wyden(D) |Read twice and referred to the Committee on Finance.|2012-05-09|https://www.congress.gov/112/bills/s3060/BILLS-112s3060is.pdf
A bill to suspend temporarily the duty on certain leathered footwear for women.|112|Senate|Ron Wyden(D) |Read twice and referred to the Committee on Finance.|2012-05-09|https://www.congress.gov/112/bills/s3057/BILLS-112s3057is.pdf
A bill to suspend temporarily the duty on certain leathered footwear for women.|112|Senate|Ron Wyden(D) |Read twice and referred to the Committee on Finance.|2012-05-09|https://www.congress.gov/112/bills/s3055/BILLS-112s3055is.pdf
A bill to extend and modify the temporary reduction of duty on certain women's footwear, covering the ankle, whose height from the bottom of the outer sole to the top of the upper does not exceed 8 inches, designed to be worn in lieu of, but not over, other footwear as a protection against water, oil, grease, or chemicals or cold or inclement weather.|112|Senate|Maria Cantwell(D) |Read twice and referred to the Committee on Finance.|2012-05-09|https://www.congress.gov/112/bills/s3043/BILLS-112s3043is.pdf
A bill to extend and modify the temporary reduction of duty on certain women's footwear designed to be worn in lieu of, but not over, other footwear as a protection against water, oil, grease, or chemicals or cold or inclement weather.|112|Senate|Maria Cantwell(D) |Read twice and referred to the Committee on Finance.|2012-05-09|https://www.congress.gov/112/bills/s3040/BILLS-112s3040is.pdf
A bill to extend and modify the temporary suspension of duty on certain women's footwear, covering the ankle, designed to be worn in lieu of, but not over, other footwear as a protection against water, oil, grease, or chemicals or cold or inclement weather.|112|Senate|Maria Cantwell(D) |Read twice and referred to the Committee on Finance.|2012-05-09|https://www.congress.gov/112/bills/s3039/BILLS-112s3039is.pdf
A bill to extend and modify the temporary suspension of duty on certain women's footwear, not covering the ankle, designed to be worn in lieu of, but not over, other footwear as a protection against water, oil, grease, or chemicals or cold or inclement weather.|112|Senate|Maria Cantwell(D) |Read twice and referred to the Committee on Finance.|2012-05-09|https://www.congress.gov/112/bills/s3038/BILLS-112s3038is.pdf
Recognizing the 100th anniversary of Hadassah, the Women's Zionist Organization of America in 2012.|112|House|Debbie Wasserman Schultz(D) |Referred to the House Committee on Foreign Affairs.|2012-05-09|https://www.congress.gov/112/bills/hres647/BILLS-112hres647ih.pdf
To suspend temporarily the duty on certain women's footwear covering the ankle.|112|House|LOIS CAPPS(D) |Referred to the Subcommittee on Trade.|2012-05-02|https://www.congress.gov/112/bills/hr5030/BILLS-112hr5030ih.pdf
To suspend temporarily the duty on certain women's footwear not covering the ankle.|112|House|LOIS CAPPS(D) |Referred to the Subcommittee on Trade.|2012-05-02|https://www.congress.gov/112/bills/hr5029/BILLS-112hr5029ih.pdf
To suspend temporarily the rate of duty on certain leathered footwear for women.|112|House|Suzanne Bonamici(D) |Referred to the Subcommittee on Trade.|2012-05-02|https://www.congress.gov/112/bills/hr4993/BILLS-112hr4993ih.pdf
To suspend temporarily the rate of duty on certain leathered footwear for women.|112|House|Suzanne Bonamici(D) |Referred to the Subcommittee on Trade.|2012-05-02|https://www.congress.gov/112/bills/hr4992/BILLS-112hr4992ih.pdf
To suspend temporarily the duty on women's sports bras of stretch fabric with textile or polymer-based electrodes knit into or attached to the fabric and that incorporate connectors designed to secure an electronic transmitter that transmits physiological information from the electrodes to compatible monitor.|112|House|EARL BLUMENAUER(D) |Referred to the Subcommittee on Trade.|2012-05-02|https://www.congress.gov/112/bills/hr4983/BILLS-112hr4983ih.pdf
To suspend temporarily the duty on leather footwear for women with uppers other than of pigskin, valued $35/pair or higher.|112|House|CAROLYN MALONEY(D) |Referred to the Subcommittee on Trade.|2012-05-02|https://www.congress.gov/112/bills/hr5177/BILLS-112hr5177ih.pdf
To suspend temporarily the duty on footwear for women (other than house slippers, tennis shoes, basketball shoes, gym shoes, training shoes and the like and other than work footwear), valued $15/pair or higher.|112|House|CAROLYN MALONEY(D) |Referred to the Subcommittee on Trade.|2012-05-02|https://www.congress.gov/112/bills/hr5176/BILLS-112hr5176ih.pdf
To suspend temporarily the duty on leather footwear for women with uppers other than of pigskin (other than house slippers, work footwear, tennis shoes, basketball shoes and the like), valued $20/pair or higher.|112|House|CAROLYN MALONEY(D) |Referred to the Subcommittee on Trade.|2012-05-02|https://www.congress.gov/112/bills/hr5175/BILLS-112hr5175ih.pdf
To suspend temporarily the duty on women's belts of leather or composition leather, each valued $7.00 or higher.|112|House|CAROLYN MALONEY(D) |Referred to the Subcommittee on Trade.|2012-05-02|https://www.congress.gov/112/bills/hr5173/BILLS-112hr5173ih.pdf
To suspend temporarily the duty on nonenumerated footwear for women, valued $25/pair or higher.|112|House|CAROLYN MALONEY(D) |Referred to the Subcommittee on Trade.|2012-05-02|https://www.congress.gov/112/bills/hr5166/BILLS-112hr5166ih.pdf
To suspend temporarily the duty on footwear other than house slippers, for women, valued $9.00/pair or higher.|112|House|CAROLYN MALONEY(D) |Referred to the Subcommittee on Trade.|2012-05-02|https://www.congress.gov/112/bills/hr5165/BILLS-112hr5165ih.pdf
To suspend temporarily the duty on nonenumerated footwear with textile uppers for women, other than house slippers, valued $13/pair or higher.|112|House|CAROLYN MALONEY(D) |Referred to the Subcommittee on Trade.|2012-05-02|https://www.congress.gov/112/bills/hr5164/BILLS-112hr5164ih.pdf
To extend and modify the temporary suspension of duty on certain women's footwear.|112|House|Andy Harris(R) |Referred to the Subcommittee on Trade.|2012-05-02|https://www.congress.gov/112/bills/hr4929/BILLS-112hr4929ih.pdf
To extend and modify the temporary suspension of duty on certain women's footwear.|112|House|Andy Harris(R) |Referred to the Subcommittee on Trade.|2012-05-02|https://www.congress.gov/112/bills/hr4926/BILLS-112hr4926ih.pdf
To extend the temporary suspension of duty on certain women's sports footwear.|112|House|Russ Carnahan(D) |Referred to the Subcommittee on Trade.|2012-05-02|https://www.congress.gov/112/bills/hr4901/BILLS-112hr4901ih.pdf
To suspend temporarily the duty on certain women's footwear with outer soles of rubber or plastics and uppers of textile materials and leather.|112|House|Russ Carnahan(D) |Referred to the Subcommittee on Trade.|2012-05-02|https://www.congress.gov/112/bills/hr4900/BILLS-112hr4900ih.pdf
To suspend temporarily the duty on certain women's platform footwear.|112|House|Russ Carnahan(D) |Referred to the Subcommittee on Trade.|2012-05-02|https://www.congress.gov/112/bills/hr4899/BILLS-112hr4899ih.pdf
To suspend temporarily the duty on certain women's footwear with outer soles and uppers of rubber or plastics and valued over $12 but not over $20 per pair.|112|House|Russ Carnahan(D) |Referred to the Subcommittee on Trade.|2012-05-02|https://www.congress.gov/112/bills/hr4898/BILLS-112hr4898ih.pdf
To suspend temporarily the duty on certain women's footwear with outer soles and uppers of rubber or plastics and valued over $6.50 but not over $12 per pair.|112|House|Russ Carnahan(D) |Referred to the Subcommittee on Trade.|2012-05-02|https://www.congress.gov/112/bills/hr4897/BILLS-112hr4897ih.pdf
To suspend temporarily the duty on certain work boots for women.|112|House|Russ Carnahan(D) |Referred to the Subcommittee on Trade.|2012-05-02|https://www.congress.gov/112/bills/hr4896/BILLS-112hr4896ih.pdf
To suspend temporarily the duty on certain work footwear for women covering the ankle.|112|House|Russ Carnahan(D) |Referred to the Subcommittee on Trade.|2012-05-02|https://www.congress.gov/112/bills/hr4893/BILLS-112hr4893ih.pdf
To suspend temporarily the duty on certain work footwear for women.|112|House|Russ Carnahan(D) |Referred to the Subcommittee on Trade.|2012-05-02|https://www.congress.gov/112/bills/hr4892/BILLS-112hr4892ih.pdf
To extend and modify the temporary suspension of duty on certain women's footwear.|112|House|John Carney(D) |Referred to the Subcommittee on Trade.|2012-05-02|https://www.congress.gov/112/bills/hr4505/BILLS-112hr4505ih.pdf
To extend and modify the temporary suspension of duty on certain women's footwear.|112|House|John Carney(D) |Referred to the Subcommittee on Trade.|2012-05-02|https://www.congress.gov/112/bills/hr4504/BILLS-112hr4504ih.pdf
Violence Against Women Reauthorization Act of 2012|112|Senate|Patrick Leahy(D) |Passed Senate with an amendment by Yea-Nay Vote. 68 - 31. Record Vote Number: 87.|2012-04-26|https://www.congress.gov/112/bills/s1925/BILLS-112s1925es.pdf
A bill to suspend temporarily the duty on women's belts of leather or composition leather, each valued $7.00 or higher.|112|Senate|Charles Schumer(D) |Read twice and referred to the Committee on Finance.|2012-04-26|https://www.congress.gov/112/bills/s2452/BILLS-112s2452is.pdf
A bill to suspend temporarily the duty on footwear other than house slippers, for women, valued $9.00/pair or higher.|112|Senate|Charles Schumer(D) |Read twice and referred to the Committee on Finance.|2012-04-26|https://www.congress.gov/112/bills/s2451/BILLS-112s2451is.pdf
A bill to suspend temporarily the duty on nonenumerated footwear with textile uppers for women, other than house slippers, valued $13/pair or higher.|112|Senate|Charles Schumer(D) |Read twice and referred to the Committee on Finance.|2012-04-26|https://www.congress.gov/112/bills/s2450/BILLS-112s2450is.pdf
A bill to suspend temporarily the duty on nonenumerated footwear for women, valued $25/pair or higher.|112|Senate|Charles Schumer(D) |Read twice and referred to the Committee on Finance.|2012-04-26|https://www.congress.gov/112/bills/s2449/BILLS-112s2449is.pdf
A bill to suspend temporarily the duty on footwear for women (other than house slippers, tennis shoes, basketball shoes, gym shoes, training shoes and the like and other than work footwear), valued $15/pair or higher.|112|Senate|Charles Schumer(D) |Read twice and referred to the Committee on Finance.|2012-04-26|https://www.congress.gov/112/bills/s2448/BILLS-112s2448is.pdf
A bill to suspend temporarily the duty on leather footwear for women with uppers other than of pigskin (other than house slippers, work footwear, tennis shoes, basketball shoes and the like), valued $20/pair or higher.|112|Senate|Charles Schumer(D) |Read twice and referred to the Committee on Finance.|2012-04-26|https://www.congress.gov/112/bills/s2447/BILLS-112s2447is.pdf
A bill to suspend temporarily the duty on leather footwear for women with uppers other than of pigskin, valued $35/pair or higher.|112|Senate|Charles Schumer(D) |Read twice and referred to the Committee on Finance.|2012-04-26|https://www.congress.gov/112/bills/s2446/BILLS-112s2446is.pdf
A bill to suspend temporarily the duty on sports footwear for women (other than ski-boots, cross-country ski footwear, snowboard boots and golf shoes), with spikes.|112|Senate|Patty Murray(D) |Read twice and referred to the Committee on Finance.|2012-04-26|https://www.congress.gov/112/bills/s2401/BILLS-112s2401is.pdf
A bill to suspend temporarily the duty on sports footwear for persons other than men or women, valued at $12/pair or higher, other than ski-boots, cross-country ski footwear and snowboard boots.|112|Senate|Patty Murray(D) |Read twice and referred to the Committee on Finance.|2012-04-26|https://www.congress.gov/112/bills/s2399/BILLS-112s2399is.pdf
Violence Against Women Reauthorization Act of 2012|112|Senate|KAY HUTCHISON(R) |Read the second time. Ordered Placed on Senate Legislative Calendar under General Orders. Calendar No. 364.|2012-04-24|https://www.congress.gov/112/bills/s2338/BILLS-112s2338pcs.pdf
A resolution congratulating the Lady Bears of Baylor University on winning the 2012 National Collegiate Athletic Association Division I Women's Basketball Championship.|112|Senate|KAY HUTCHISON(R) |Submitted in the Senate, considered, and agreed to without amendment and with a preamble by Unanimous Consent. (consideration: CR S2517-2518; text as passed Senate: CR S2517-2518; text of measure as introduced: CR S2503)|2012-04-18|https://www.congress.gov/112/bills/sres426/BILLS-112sres426ats.pdf
A resolution designating April 5, 2012, as "Gold Star Wives Day".|112|Senate|Richard Burr(R) |Submitted in the Senate, considered, and agreed to without amendment and with a preamble by Unanimous Consent. (consideration: CR S2451-2452; text as passed Senate: CR S2451-2452; text of measure as introduced: CR S2399)|2012-04-17|https://www.congress.gov/112/bills/sres420/BILLS-112sres420ats.pdf
Protecting Pregnant Women and Children From Hexavalent Chromium Act of 2012|112|House|ADAM SCHIFF(D) |Referred to the Subcommittee on Environment and the Economy.|2012-03-30|https://www.congress.gov/112/bills/hr4266/BILLS-112hr4266ih.pdf
Mentor-Mentee Teen Pregnancy Reduction Act of 2012|112|House|NYDIA VELAZQUEZ(D) |Referred to the Subcommittee on Higher Education and Workforce Training.|2012-03-29|https://www.congress.gov/112/bills/hr4034/BILLS-112hr4034ih.pdf
Federal Zero Tolerance of Child Sexual Abuse Act of 2011|112|House|SHEILA JACKSON LEE(D) |Referred to the Subcommittee on Higher Education and Workforce Training.|2012-03-29|https://www.congress.gov/112/bills/hr3650/BILLS-112hr3650ih.pdf
Veterans Day Moment of Silence Act|112|House|BARNEY FRANK(D) |Subcommittee Hearings Held.|2012-03-29|https://www.congress.gov/112/bills/hr2498/BILLS-112hr2498ih.pdf
A resolution supporting the goals and ideals of Take Our Daughters and Sons To Work Day.|112|Senate|Richard Burr(R) |Submitted in the Senate, considered, and agreed to without amendment and with a preamble by Unanimous Consent. (consideration: CR S2184; text as passed Senate: CR S2184; text of measure as introduced: CR S2171)|2012-03-28|https://www.congress.gov/112/bills/sres408/BILLS-112sres408ats.pdf
A bill for the relief of Momo Krcic.|112|Senate|CARL LEVIN(D) |Read twice and referred to the Committee on the Judiciary.|2012-03-21|https://www.congress.gov/112/bills/s2220/BILLS-112s2220is.pdf
Honoring the St. Bonaventure University men's and women's basketball teams for making it to the National Collegiate Athletic Association Tournament and for two great seasons.|112|House|Tom Reed(R) |Referred to the House Committee on Education and the Workforce.|2012-03-19|https://www.congress.gov/112/bills/hres588/BILLS-112hres588ih.pdf
To improve services for victims of sexual assault and domestic violence.|112|House|Gregorio Sablan(D) |Referred to the Subcommittee on Crime, Terrorism, and Homeland Security.|2012-03-15|https://www.congress.gov/112/bills/hr4195/BILLS-112hr4195ih.pdf
SAVE Native Women Act|112|House|Dan Boren(D) |Referred to the Subcommittee on Crime, Terrorism, and Homeland Security.|2012-03-15|https://www.congress.gov/112/bills/hr4154/BILLS-112hr4154ih.pdf
District of Columbia Pain-Capable Unborn Child Protection Act|112|Senate|Mike Lee(R) |Committee on Homeland Security and Governmental Affairs referred to Subcommittee on Oversight of Government Management, the Federal Workforce, and the District of Columbia.|2012-03-13|https://www.congress.gov/112/bills/s2103/BILLS-112s2103is.pdf
Celebrating the centennial of the birth of First Lady Patricia Nixon.|112|House|Leonard Lance(R) |Referred to the House Committee on Oversight and Government Reform.|2012-03-13|https://www.congress.gov/112/bills/hres585/BILLS-112hres585ih.pdf
A resolution designating 2012 as the "Year of the Girl" and congratulating Girl Scouts of the USA on its 100th anniversary.|112|Senate|BARBARA MIKULSKI(D) |Resolution agreed to in Senate without amendment and with a preamble by Unanimous Consent. (text: CR S1580-1581)|2012-03-12|https://www.congress.gov/112/bills/sres310/BILLS-112sres310ats.pdf
Celebrating the centennial of the birth of First Lady Patricia Nixon.|112|House|Leonard Lance(R) |Referred to the House Committee on Oversight and Government Reform.|2012-03-09|https://www.congress.gov/112/bills/hres582/BILLS-112hres582ih.pdf
Fairness in Women-Owned Small Business Contracting Act of 2012|112|Senate|Olympia Snowe(R) |Read twice and referred to the Committee on Small Business and Entrepreneurship. (text of measure as introduced: CR S1462)|2012-03-07|https://www.congress.gov/112/bills/s2172/BILLS-112s2172is.pdf
Essex National Heritage Area Reauthorization Act|112|Senate|JOHN KERRY(D) |Committee on Energy and Natural Resources Subcommittee on National Parks. Hearings held. With printed Hearing: S.Hrg. 112-401.|2012-03-07|https://www.congress.gov/112/bills/s1198/BILLS-112s1198is.pdf
Amending the Rules of the House of Representatives to observe a moment of silence in the House on the first legislative day of each month for those killed or wounded in the United States engagement in Afghanistan.|112|House|WALTER JONES(R) |Referred to the House Committee on Rules.|2012-03-07|https://www.congress.gov/112/bills/hres575/BILLS-112hres575ih.pdf
Supporting the goals and ideals of National Women's History Month.|112|House|LYNN WOOLSEY(D) |Referred to the House Committee on Oversight and Government Reform.|2012-03-06|https://www.congress.gov/112/bills/hres573/BILLS-112hres573ih.pdf
A bill to prohibit the issuance of a waiver for commissioning or enlistment in the Armed Forces for any individual convicted of a felony sexual offense.|112|Senate|BARBARA BOXER(D) |Read twice and referred to the Committee on Armed Services.|2012-02-28|https://www.congress.gov/112/bills/s2137/BILLS-112s2137is.pdf
Recognizing the National Association of Journeymen Linemen and the profession of Journeymen Linemen and the contributions of these brave men and women to protect public safety and expressing support for designation of April 18, 2012, as National Journeymen Linemen Day.|112|House|Phil Gingrey(R) |Referred to the House Committee on Energy and Commerce.|2012-02-17|https://www.congress.gov/112/bills/hres561/BILLS-112hres561ih.pdf
Domestic Violence Judicial Support Act of 2012|112|House|MICHAEL HONDA(D) |Referred to the Subcommittee on Crime, Terrorism, and Homeland Security.|2012-02-16|https://www.congress.gov/112/bills/hr3977/BILLS-112hr3977ih.pdf
To amend the Securities Exchange Act of 1934 to require annual disclosures relating to the compensation brackets in which an issuer's minority and women employees reside.|112|House|GREGORY MEEKS(D) |Referred to the Subcommittee on Capital Markets and Government Sponsored Enterprises.|2012-02-09|https://www.congress.gov/112/bills/hr3791/BILLS-112hr3791ih.pdf
Honoring Brigadier General Hazel Winifred Johnson-Brown, the first African-American woman to hold the rank of General in the United States Armed Forces.|112|House|EDDIE JOHNSON(D) |Referred to the Subcommittee on Military Personnel.|2012-02-07|https://www.congress.gov/112/bills/hconres88/BILLS-112hconres88ih.pdf
Expressing the sense of the House of Representatives that the United States should work with the Government of Haiti to address gender-based violence against women and children.|112|House|Frederica Wilson(D) |Referred to the Subcommittee on the Western Hemisphere.|2012-02-03|https://www.congress.gov/112/bills/hres521/BILLS-112hres521ih.pdf
Supporting the goals and ideals of International Day for the Abolition of Slavery, recognizing the tenth anniversary of the adoption by the United Nations of the Protocol to Prevent, Suppress and Punish Trafficking in Persons, Especially Women and Children, Supplementing the United Nations Convention against Transnational Organized Crime, and commending the efforts of modern day abolitionists following in the tradition of Frederick Douglass.|112|House|Laura Richardson(D) |Referred to the Subcommittee on Africa, Global Health, and Human Rights.|2012-02-03|https://www.congress.gov/112/bills/hres508/BILLS-112hres508ih.pdf
Child Marriage Violates the Human Rights of Girls Act of 2011|112|House|BETTY MCCOLLUM(D) |Referred to the Subcommittee on Africa, Global Health, and Human Rights.|2012-02-03|https://www.congress.gov/112/bills/hr3357/BILLS-112hr3357ih.pdf
A bill to amend title 5, United States Code, to provide that the legal public holiday for the birthday of George Washington take place on February 22, rather than on the third Monday in February.|112|Senate|Mark Warner(D) |Read twice and referred to the Committee on the Judiciary.|2012-01-31|https://www.congress.gov/112/bills/s2052/BILLS-112s2052is.pdf
A resolution expressing the sense of the Senate that the United States should work with the Government of Haiti to address gender-based violence against women and children.|112|Senate|Kirsten Gillibrand(D) |Referred to the Committee on Foreign Relations. (text of measure as introduced: CR S45-46)|2012-01-23|https://www.congress.gov/112/bills/sres352/BILLS-112sres352is.pdf
Ultrasound Informed Consent Act|112|House|Jim Jordan(R) |Referred to the House Committee on Energy and Commerce.|2012-01-23|https://www.congress.gov/112/bills/hr3805/BILLS-112hr3805ih.pdf
Honoring Apostle Frederick K.C. Price on his 80th birthday.|112|House|MAXINE WATERS(D) |Referred to the House Committee on Oversight and Government Reform.|2012-01-18|https://www.congress.gov/112/bills/hres519/BILLS-112hres519ih.pdf
A bill to amend title 32, United States Code, the body of laws of the United States dealing with the National Guard, to recognize the City of Salem, Massachusetts, as the Birthplace of the National Guard of the United States.|112|Senate|JOHN KERRY(D) |Read twice and referred to the Committee on Armed Services.|2011-12-16|https://www.congress.gov/112/bills/s2013/BILLS-112s2013is.pdf
A bill to revise the Federal charter for the Blue Star Mothers of America, Inc. to reflect a change in eligibility requirements for membership.|112|Senate|Michael Bennet(D) |Became Public Law No: 112-65.|2011-12-13|https://www.congress.gov/112/bills/s1541/BILLS-112s1541enr.pdf
Quality Care for Moms and Babies Act|112|House|ELIOT ENGEL(D) |Referred to the Subcommittee on Health.|2011-12-09|https://www.congress.gov/112/bills/hr3620/BILLS-112hr3620ih.pdf
Quality Care for Moms and Babies Act|112|Senate|Debbie Stabenow(D) |Read twice and referred to the Committee on Finance.|2011-12-08|https://www.congress.gov/112/bills/s1969/BILLS-112s1969is.pdf
A resolution commemorating the 84th birthday of His Majesty King Bhumibol Adulyadej on December 5, 2011.|112|Senate|JOHN KERRY(D) |Submitted in the Senate, considered, and agreed to without amendment and with a preamble by Unanimous Consent. (consideration: CR S8342; text as passed Senate: CR S8342; text of measure as introduced: CR S8187)|2011-12-05|https://www.congress.gov/112/bills/sres343/BILLS-112sres343ats.pdf
To revise the Federal charter for the Blue Star Mothers of America, Inc., to reflect a change in eligibility requirements for membership.|112|House|Scott Tipton(R) |Placed on the Union Calendar, Calendar No. 213.|2011-12-05|https://www.congress.gov/112/bills/hr2815/BILLS-112hr2815rh.pdf
HEART for Women Act|112|House|LOIS CAPPS(D) |Referred to the Subcommittee on Health.|2011-12-02|https://www.congress.gov/112/bills/hr3526/BILLS-112hr3526ih.pdf
Finding Fugitive Sex Offenders Act of 2011|112|Senate|Jeff Sessions(R) |Placed on Senate Legislative Calendar under General Orders. Calendar No. 247.|2011-12-01|https://www.congress.gov/112/bills/s671/BILLS-112s671rs.pdf
Internet Abuse, Stalking, and Domestic Violence Prevention Act of 2011|112|Senate|Richard Blumenthal(D) |Read twice and referred to the Committee on the Judiciary.|2011-11-29|https://www.congress.gov/112/bills/s1923/BILLS-112s1923is.pdf
Girls Protection Act of 2011|112|Senate|HARRY REID(D) |Read twice and referred to the Committee on the Judiciary. (text of measure as introduced: CR S7997)|2011-11-29|https://www.congress.gov/112/bills/s1919/BILLS-112s1919is.pdf
Stillbirth and SUID Prevention, Education, and Awareness Act of 2011|112|House|FRANK PALLONE(D) |Referred to the Subcommittee on Health.|2011-11-18|https://www.congress.gov/112/bills/hr3418/BILLS-112hr3418ih.pdf
Domestic Violence Leave Act|112|House|LYNN WOOLSEY(D) |Referred to the Subcommittee on Workforce Protections.|2011-11-18|https://www.congress.gov/112/bills/hr3151/BILLS-112hr3151ih.pdf
Housing Rights for Victims of Domestic and Sexual Violence Act of 2011|112|Senate|Al Franken(D) |Read twice and referred to the Committee on Banking, Housing, and Urban Affairs. (text of measure as introduced: CR S7707-7708)|2011-11-17|https://www.congress.gov/112/bills/s1892/BILLS-112s1892is.pdf
National Women's History Museum and Federal Facilities Consolidation and Efficiency Act of 2011|112|Senate|John Boozman(R) |Read twice and referred to the Committee on Environment and Public Works. (text of measure as introduced: CR S7453-7454)|2011-11-15|https://www.congress.gov/112/bills/s1870/BILLS-112s1870is.pdf
Stillbirth and SUID Prevention, Education, and Awareness Act of 2011|112|Senate|FRANK LAUTENBERG(D) |Read twice and referred to the Committee on Health, Education, Labor, and Pensions.|2011-11-15|https://www.congress.gov/112/bills/s1862/BILLS-112s1862is.pdf
A resolution commending Girl Scouts of the USA on the special occasion of its 52nd annual convention and commending the commitment of Girl Scouts of the USA to the mission of fostering the courage, confidence, and character that girls need to become leaders and make the world a better place.|112|Senate|KAY HUTCHISON(R) |Submitted in the Senate, considered, and agreed to without amendment and with a preamble by Unanimous Consent. (consideration: CR S7159-7160; text as passed Senate: CR S7159-7160; text of measure as introduced: CR S7158)|2011-11-07|https://www.congress.gov/112/bills/sres312/BILLS-112sres312ats.pdf
Recognizing the disparate impact of climate change on women and the efforts of women globally to address climate change.|112|House|BARBARA LEE(D) |Referred to the Subcommittee on Health.|2011-11-04|https://www.congress.gov/112/bills/hconres84/BILLS-112hconres84ih.pdf
Expressing support for designation of 2012 as the "Year of the Girl" and celebrating the 100th anniversary of Girl Scouts of the USA.|112|House|Debbie Wasserman Schultz(D) |Referred to the House Committee on Oversight and Government Reform.|2011-11-04|https://www.congress.gov/112/bills/hres460/BILLS-112hres460ih.pdf
Gold Star Mothers National Monument Act of 2011|112|House|Jon Runyan(R) |Subcommittee Hearings Held.|2011-11-03|https://www.congress.gov/112/bills/hr1980/BILLS-112hr1980ih.pdf
Honoring Shirley Anita St. Hill Chisholm on the 87th year of her birth.|112|House|Yvette Clarke(D) |Referred to the House Committee on House Administration.|2011-11-01|https://www.congress.gov/112/bills/hres451/BILLS-112hres451ih.pdf
Consolidation of Grants to Strengthen the Healthcare System's Response to Domestic Violence, Dating Violence, Sexual Assault, and Stalking Act|112|Senate|Kay Hagan(D) |Read twice and referred to the Committee on Health, Education, Labor, and Pensions.|2011-10-31|https://www.congress.gov/112/bills/s1765/BILLS-112s1765is.pdf
A resolution honoring the men and women of the John C. Stennis Space Center on reaching the historic milestone of 50 years of rocket engine testing.|112|Senate|Roger Wicker(R) |Submitted in the Senate, considered, and agreed to without amendment and with a preamble by Unanimous Consent. (consideration: CR S6889-6890; text as passed Senate: CR S6890; text of measure as introduced: CR S6881)|2011-10-21|https://www.congress.gov/112/bills/sres307/BILLS-112sres307ats.pdf
Providing for consideration of the bill (H.R. 358) to amend the Patient Protection and Affordable Care Act to modify special rules relating to coverage of abortion services under such Act.|112|House|Virginia Foxx(R) |Motion to reconsider laid on the table Agreed to without objection.|2011-10-13|https://www.congress.gov/112/bills/hres430/BILLS-112hres430eh.pdf
Veterans Sexual Assault Prevention Act of 2011|112|Senate|Patrick Toomey(R) |Read twice and referred to the Committee on Veterans' Affairs.|2011-10-12|https://www.congress.gov/112/bills/s1689/BILLS-112s1689is.pdf
Veterans Sexual Assault Prevention and Health Care Enhancement Act|112|House|Ann Buerkle(R) |The title of the measure was amended. Agreed to without objection.|2011-10-11|https://www.congress.gov/112/bills/hr2074/BILLS-112hr2074rfs.pdf
Alice Paul Women's Suffrage Congressional Gold Medal Act|112|House|JOE BACA(D) |Referred to the Subcommittee on Domestic Monetary Policy and Technology.|2011-10-04|https://www.congress.gov/112/bills/hr2970/BILLS-112hr2970ih.pdf
A resolution congratulating the Nunaka Valley Little League junior girls softball team on their performance in the Junior League Softball World Series.|112|Senate|Mark Begich(D) |Resolution agreed to in Senate without amendment and with a preamble by Unanimous Consent. (text: CR S5933)|2011-09-23|https://www.congress.gov/112/bills/sres273/BILLS-112sres273ats.pdf
Foodborne Illness Reduction Act of 2011|112|Senate|Kirsten Gillibrand(D) |Read twice and referred to the Committee on Agriculture, Nutrition, and Forestry.|2011-09-08|https://www.congress.gov/112/bills/s1529/BILLS-112s1529is.pdf
National Women's History Museum and Federal Facilities Consolidation and Efficiency Act of 2011|112|House|JOHN MICA(R) |Ordered to be Reported by Voice Vote.|2011-09-08|https://www.congress.gov/112/bills/hr2844/BILLS-112hr2844ih.pdf
Women WIN Jobs|112|House|Jared Polis(D) |Referred to the Subcommittee on Higher Education and Workforce Training.|2011-09-08|https://www.congress.gov/112/bills/hr2315/BILLS-112hr2315ih.pdf
Campus Sexual Violence Elimination Act|112|House|CAROLYN MALONEY(D) |Referred to the Subcommittee on Higher Education and Workforce Training.|2011-09-08|https://www.congress.gov/112/bills/hr2016/BILLS-112hr2016ih.pdf
Pregnant and Parenting Students Access to Education Act of 2011|112|House|Jared Polis(D) |Referred to the Subcommittee on Early Childhood, Elementary, and Secondary Education.|2011-09-08|https://www.congress.gov/112/bills/hr2617/BILLS-112hr2617ih.pdf
21st Century STEM for Girls and Underrepresented Minorities Act|112|House|LYNN WOOLSEY(D) |Referred to the Subcommittee on Early Childhood, Elementary, and Secondary Education.|2011-09-08|https://www.congress.gov/112/bills/hr1903/BILLS-112hr1903ih.pdf
Girls Protection Act of 2011|112|House|JOSEPH CROWLEY(D) |Referred to the Subcommittee on Crime, Terrorism, and Homeland Security.|2011-08-25|https://www.congress.gov/112/bills/hr2221/BILLS-112hr2221ih.pdf
A resolution designating August 16, 2011, as "National Airborne Day".|112|Senate|John Reed(D) |Submitted in the Senate, considered, and agreed to without amendment and with a preamble by Unanimous Consent. (consideration: CR S5284; text as passed Senate: CR S5284; text of measure as introduced: CR S5269)|2011-08-02|https://www.congress.gov/112/bills/sres254/BILLS-112sres254ats.pdf
Pregnancy Assistance Fund Expansion Act|112|Senate|Bob Casey(D) |Read twice and referred to the Committee on Health, Education, Labor, and Pensions.|2011-08-02|https://www.congress.gov/112/bills/s1490/BILLS-112s1490is.pdf
Honoring and supporting women in the Middle East and North Africa for their bravery and leadership and calling on the United States Government and the international community to recognize their vital role in democracy movements and promote the rights and empowerment of women and girls in the region.|112|House|Russ Carnahan(D) |Referred to the Subcommittee on Middle East and South Asia .|2011-08-02|https://www.congress.gov/112/bills/hres258/BILLS-112hres258ih.pdf
Communities of Color Teenage Pregnancy Prevention Act of 2011|112|House|LUCILLE ROYBAL-ALLARD(D) |Referred to the Subcommittee on Health.|2011-08-01|https://www.congress.gov/112/bills/hr2678/BILLS-112hr2678ih.pdf
Access to Birth Control Act|112|House|CAROLYN MALONEY(D) |Referred to the Subcommittee on Health.|2011-08-01|https://www.congress.gov/112/bills/hr2659/BILLS-112hr2659ih.pdf
A resolution encouraging women's political participation in Saudi Arabia.|112|Senate|BARBARA BOXER(D) |Resolution agreed to in Senate with an amendment and an amended preamble by Unanimous Consent. (consideration: CR S5049-5051; text of amendment in the nature of a substitute: CR S5050-5051)|2011-07-29|https://www.congress.gov/112/bills/sres216/BILLS-112sres216ats.pdf
Communities of Color Teenage Pregnancy Prevention Act of 2011|112|Senate|BARBARA BOXER(D) |Read twice and referred to the Committee on Health, Education, Labor, and Pensions.|2011-07-28|https://www.congress.gov/112/bills/s1437/BILLS-112s1437is.pdf
Access to Birth Control Act|112|Senate|FRANK LAUTENBERG(D) |Read twice and referred to the Committee on Health, Education, Labor, and Pensions.|2011-07-26|https://www.congress.gov/112/bills/s1415/BILLS-112s1415is.pdf
A resolution expressing the sense of the Senate regarding coming together as a Nation and ceasing all work or other activity for a moment of remembrance beginning at 1:00 PM Eastern Daylight Time on September 11, 2011, in honor of the 10th anniversary of the terrorist attacks committed against the United States on September 11, 2001.|112|Senate|FRANK LAUTENBERG(D) |Submitted in the Senate, considered, and agreed to without amendment and with a preamble by Unanimous Consent. (consideration: CR S4836-4837; text as passed Senate: CR S4836; text of measure as introduced: CR S4850)|2011-07-22|https://www.congress.gov/112/bills/sres237/BILLS-112sres237ats.pdf
Gold Medal of Remembrance for the Sons and Daughters of Our Fallen Act|112|House|DANA ROHRABACHER(R) |Referred to the Subcommittee on Domestic Monetary Policy and Technology.|2011-07-19|https://www.congress.gov/112/bills/hr1926/BILLS-112hr1926ih.pdf
Lyme and Tick-Borne Disease Prevention, Education, and Research Act of 2011|112|Senate|Richard Blumenthal(D) |Read twice and referred to the Committee on Health, Education, Labor, and Pensions.|2011-07-18|https://www.congress.gov/112/bills/s1381/BILLS-112s1381is.pdf
To provide for the establishment of the Tick-Borne Diseases Advisory Committee.|112|House|CHRISTOPHER SMITH(R) |Referred to the Subcommittee on Health.|2011-07-15|https://www.congress.gov/112/bills/hr2557/BILLS-112hr2557ih.pdf
Stop Deceptive Advertising for Women's Services Act|112|House|CAROLYN MALONEY(D) |Referred to the Subcommittee on Commerce, Manufacturing, and Trade.|2011-07-15|https://www.congress.gov/112/bills/hr2543/BILLS-112hr2543ih.pdf
Stop Deceptive Advertising for Women's Services Act|112|Senate|Robert Menendez(D) |Read twice and referred to the Committee on Commerce, Science, and Transportation.|2011-07-14|https://www.congress.gov/112/bills/s1374/BILLS-112s1374is.pdf
A resolution honoring the men and women of the National Aeronautics and Space Administration Space Shuttle Program on reaching the historic milestone of the 135th and final flight of the Space Transportation System.|112|Senate|CLARENCE NELSON(D) |Submitted in the Senate, considered, and agreed to without amendment and with a preamble by Unanimous Consent. (consideration: CR S4563-4564; text as passed Senate: CR S4563-4564; text of measure as introduced: CR S4561-4562)|2011-07-13|https://www.congress.gov/112/bills/sres233/BILLS-112sres233ats.pdf
Veterans Day Moment of Silence Act|112|Senate|Scott Brown(R) |Read twice and referred to the Committee on the Judiciary.|2011-07-12|https://www.congress.gov/112/bills/s1348/BILLS-112s1348is.pdf
Supporting the goals and ideals of the National Day of Silence in bringing attention to anti-lesbian, gay, bisexual, and transgender name-calling, bullying, and harassment faced by individuals in schools.|112|House|ELIOT ENGEL(D) |Referred to the Subcommittee on the Constitution.|2011-07-11|https://www.congress.gov/112/bills/hconres40/BILLS-112hconres40ih.pdf
A resolution expressing the sense of the Senate regarding coming together as a Nation and ceasing all work or other activity for a moment of remembrance beginning at 1:00 PM Eastern Daylight Time on September 11, 2011, in honor of the 10th anniversary of the terrorist attacks committed against the United States on September 11, 2001.|112|Senate|FRANK LAUTENBERG(D) |Referred to the Committee on the Judiciary. (text of measure as introduced: CR S4455)|2011-07-07|https://www.congress.gov/112/bills/sres228/BILLS-112sres228is.pdf
To amend title II of the Social Security Act to provide for full benefits for disabled widows and widowers without regard to age.|112|House|NITA LOWEY(D) |Referred to the Subcommittee on Social Security.|2011-07-07|https://www.congress.gov/112/bills/hr2293/BILLS-112hr2293ih.pdf
To amend title 5, United States Code, to provide that Washington's Birthday be observed on February 22, rather than the third Monday in February, of each year.|112|House|FRANK WOLF(R) |Referred to the Subcommittee on Federal Workforce, U.S. Postal Service, and Labor Policy     .|2011-06-30|https://www.congress.gov/112/bills/hr2268/BILLS-112hr2268ih.pdf
Military Access to Reproductive Care and Health for Military Women Act|112|House|LOUISE SLAUGHTER(D) |Referred to the Subcommittee on Military Personnel.|2011-06-24|https://www.congress.gov/112/bills/hr2085/BILLS-112hr2085ih.pdf
Women's Fair and Equal Right to Military Service Act|112|House|LORETTA SANCHEZ(D) |Referred to the Subcommittee on Military Personnel.|2011-06-24|https://www.congress.gov/112/bills/hr1928/BILLS-112hr1928ih.pdf
A joint resolution proposing an amendment to the Constitution of the United States relative to equal rights for men and women.|112|Senate|Robert Menendez(D) |Read twice and referred to the Committee on the Judiciary.|2011-06-22|https://www.congress.gov/112/bills/sjres21/BILLS-112sjres21is.pdf
Women and Workforce Investment for Nontraditional Jobs|112|Senate|BARBARA MIKULSKI(D) |Read twice and referred to the Committee on Health, Education, Labor, and Pensions.|2011-06-22|https://www.congress.gov/112/bills/s1252/BILLS-112s1252is.pdf
Essex National Heritage Area Reauthorization Act|112|House|JOHN TIERNEY(D) |Referred to the Subcommittee on National Parks, Forests and Public Lands.|2011-06-22|https://www.congress.gov/112/bills/hr2202/BILLS-112hr2202ih.pdf
Proposing an amendment to the Constitution of the United States relative to equal rights for men and women.|112|House|CAROLYN MALONEY(D) |Referred to the House Committee on the Judiciary.|2011-06-22|https://www.congress.gov/112/bills/hjres69/BILLS-112hjres69ih.pdf
Child Interstate Abortion Notification Act|112|Senate|Marco Rubio(R) |Read twice and referred to the Committee on the Judiciary.|2011-06-21|https://www.congress.gov/112/bills/s1241/BILLS-112s1241is.pdf
MARCH for Military Women Act|112|Senate|Kirsten Gillibrand(D) |Read twice and referred to the Committee on Armed Services.|2011-06-16|https://www.congress.gov/112/bills/s1214/BILLS-112s1214is.pdf
MOMS for the 21st Century Act|112|House|LUCILLE ROYBAL-ALLARD(D) |Referred to the Subcommittee on Health.|2011-06-15|https://www.congress.gov/112/bills/hr2141/BILLS-112hr2141ih.pdf
Foodborne Illness Reduction Act of 2011|112|Senate|Kirsten Gillibrand(D) |Read twice and referred to the Committee on Agriculture, Nutrition, and Forestry.|2011-06-08|https://www.congress.gov/112/bills/s1157/BILLS-112s1157is.pdf
NEWBORN Act|112|House|Steve Cohen(D) |Referred to the Subcommittee on Health.|2011-06-03|https://www.congress.gov/112/bills/hr2127/BILLS-112hr2127ih.pdf
Birth Defects Prevention, Risk Reduction, and Awareness Act of 2011|112|House|ROSA DELAURO(D) |Referred to the Subcommittee on Health.|2011-06-03|https://www.congress.gov/112/bills/hr2029/BILLS-112hr2029ih.pdf
Mother's Day Centennial Commemorative Coin Act|112|House|David McKinley(R) |Referred to the Subcommittee on Domestic Monetary Policy and Technology.|2011-06-02|https://www.congress.gov/112/bills/hr1736/BILLS-112hr1736ih.pdf
Supporting the goals of International Women's Day.|112|House|JANICE SCHAKOWSKY(D) |Referred to the Subcommittee on the Constitution.|2011-06-01|https://www.congress.gov/112/bills/hres148/BILLS-112hres148ih.pdf
A concurrent resolution authorizing the use of Emancipation Hall in the Capitol Visitor Center for an event to celebrate the birthday of King Kamehameha.|112|Senate|DANIEL AKAKA(D) |Motion to reconsider laid on the table Agreed to without objection.|2011-05-31|https://www.congress.gov/112/bills/sconres16/BILLS-112sconres16enr.pdf
Birth Defects Prevention, Risk Reduction, and Awareness Act of 2011|112|Senate|Kay Hagan(D) |Read twice and referred to the Committee on Health, Education, Labor, and Pensions.|2011-05-26|https://www.congress.gov/112/bills/s1131/BILLS-112s1131is.pdf
A resolution recognizing the life and service of the Honorable Hubert H. Humphrey, distinguished former Senator from the State of Minnesota and former Vice President of the United States, upon the 100th anniversary of his birth.|112|Senate|Amy Klobuchar(D) |Resolution agreed to in Senate with an amendment and with a preamble by Unanimous Consent. (text: CR S3201)|2011-05-19|https://www.congress.gov/112/bills/sres184/BILLS-112sres184ats.pdf
A bill to limit the amount expended by the Department of Defense for printing and reproduction costs.|112|Senate|TOM COBURN(R) |Read twice and referred to the Committee on Appropriations.|2011-05-18|https://www.congress.gov/112/bills/s1021/BILLS-112s1021is.pdf
Defense Sexual Trauma Response Oversight and Good Governance Act|112|House|Niki Tsongas(D) |Referred to the Subcommittee on Military Personnel.|2011-05-18|https://www.congress.gov/112/bills/hr1529/BILLS-112hr1529ih.pdf
To reduce the amounts otherwise authorized to be appropriated to the Department of Defense for printing and reproduction.|112|House|Allen West(R) |Referred to the Subcommittee on Readiness.|2011-05-18|https://www.congress.gov/112/bills/hr1246/BILLS-112hr1246rfs.pdf
Global Sexual and Reproductive Health Act of 2011|112|House|Yvette Clarke(D) |Referred to the Subcommittee on Africa, Global Health, and Human Rights.|2011-05-13|https://www.congress.gov/112/bills/hr1319/BILLS-112hr1319ih.pdf
No Taxpayer Funding for Abortion Act|112|House|CHRISTOPHER SMITH(R) |Read the second time. Placed on Senate Legislative Calendar under General Orders. Calendar No. 40.|2011-05-09|https://www.congress.gov/112/bills/hr3/BILLS-112hr3pcs.pdf
No Taxpayer Funding for Abortion Act|112|Senate|Roger Wicker(R) |Read twice and referred to the Committee on Finance.|2011-05-05|https://www.congress.gov/112/bills/s906/BILLS-112s906is.pdf
Mother's Day Centennial Commemorative Coin Act|112|Senate|JAY ROCKEFELLER(D) |Read twice and referred to the Committee on Banking, Housing, and Urban Affairs.|2011-05-05|https://www.congress.gov/112/bills/s889/BILLS-112s889is.pdf
Providing for consideration of the bill (H.R. 3) to prohibit taxpayer funded abortions and to provide for conscience protections, and for other purposes.|112|House|Richard Nugent(R) |Motion to reconsider laid on the table Agreed to without objection.|2011-05-04|https://www.congress.gov/112/bills/hres237/BILLS-112hres237eh.pdf
Commending President Barack Obama and the men and women of the military and intelligence agencies for the successful completion of the operation that led to the death of Osama bin Laden.|112|House|SHEILA JACKSON LEE(D) |Referred to the Committee on Armed Services, and in addition to the Committees on Intelligence (Permanent Select), and Homeland Security, for a period to be subsequently determined by the Speaker, in each case for consideration of such provisions as fall within the jurisdiction of the committee concerned.|2011-05-03|https://www.congress.gov/112/bills/hres240/BILLS-112hres240ih.pdf
National Women's History Museum Act of 2011|112|Senate|Susan Collins(R) |Placed on Senate Legislative Calendar under General Orders. Calendar No. 37.|2011-05-02|https://www.congress.gov/112/bills/s680/BILLS-112s680rs.pdf
Violence Against Women Health Initiative Act of 2011|112|House|LOUISE SLAUGHTER(D) |Referred to the Subcommittee on Health.|2011-04-25|https://www.congress.gov/112/bills/hr1578/BILLS-112hr1578ih.pdf
To suspend temporarily the duty on certain hydrogenated polymers of norbornene derivatives.|112|House|John Yarmuth(D) |Referred to the Subcommittee on Trade.|2011-04-19|https://www.congress.gov/112/bills/hr1503/BILLS-112hr1503ih.pdf
Trans Fat Truth in Labeling Act of 2011|112|House|STEVE ISRAEL(D) |Referred to the Subcommittee on Health.|2011-04-15|https://www.congress.gov/112/bills/hr1486/BILLS-112hr1486ih.pdf
A resolution honoring and supporting women in North Africa and the Middle East whose bravery, compassion, and commitment to putting the wellbeing of others before their own have proven that courage can be contagious.|112|Senate|Olympia Snowe(R) |Resolution agreed to in Senate with an amendment and an amended preamble by Unanimous Consent. (text: CR S2552-2553)|2011-04-14|https://www.congress.gov/112/bills/sres109/BILLS-112sres109ats.pdf
Public Agency Accountability for Sexual Harassment Act|112|Senate|Bob Casey(D) |Read twice and referred to the Committee on Health, Education, Labor, and Pensions.|2011-04-14|https://www.congress.gov/112/bills/s859/BILLS-112s859is.pdf
A resolution recognizing and supporting the goals and ideals of Sexual Assault Awareness Month.|112|Senate|Bob Casey(D) |Referred to the Committee on the Judiciary. (text of measure as introduced: CR S2542-2543)|2011-04-14|https://www.congress.gov/112/bills/sres149/BILLS-112sres149is.pdf
Campus Sexual Violence Elimination Act|112|Senate|Bob Casey(D) |Read twice and referred to the Committee on Health, Education, Labor, and Pensions.|2011-04-14|https://www.congress.gov/112/bills/s834/BILLS-112s834is.pdf
A resolution congratulating the Lady Aggies of Texas A&M University on winning the 2011 National Collegiate Athletic Association Division I Women's Basketball Championship.|112|Senate|KAY HUTCHISON(R) |Submitted in the Senate, considered, and agreed to without amendment and with a preamble by Unanimous Consent. (consideration: CR S2402; text as passed Senate: CR S2402; text of measure as introduced: CR S2399)|2011-04-12|https://www.congress.gov/112/bills/sres142/BILLS-112sres142ats.pdf
Restroom Gender Parity in Federal Buildings Act|112|House|EDOLPHUS TOWNS(D) |Referred to the Subcommittee on Government Organization, Efficiency, and Financial Management     .|2011-04-08|https://www.congress.gov/112/bills/hr1361/BILLS-112hr1361ih.pdf
A resolution supporting the goals and ideals of Take Our Daughters and Sons To Work Day.|112|Senate|Richard Burr(R) |Submitted in the Senate, considered, and agreed to without amendment and with a preamble by Unanimous Consent. (consideration: CR S2285-2286; text as passed Senate: CR S2285-2286; text of measure as introduced: CR S2281-2282)|2011-04-07|https://www.congress.gov/112/bills/sres137/BILLS-112sres137ats.pdf
To amend the Internal Revenue Code of 1986 to eliminate certain tax benefits relating to abortion.|112|House|DAVE CAMP(R) |Placed on the Union Calendar, Calendar No. 27.|2011-04-06|https://www.congress.gov/112/bills/hr1232/BILLS-112hr1232rh.pdf
A resolution designating April 5, 2011, as "Gold Star Wives Day".|112|Senate|Richard Burr(R) |Submitted in the Senate, considered, and agreed to without amendment and with a preamble by Unanimous Consent. (consideration: CR S2143; text as passed Senate: CR S2143; text of measure as introduced: CR S2140)|2011-04-05|https://www.congress.gov/112/bills/sres130/BILLS-112sres130ats.pdf
Birthright Citizenship Act of 2011|112|Senate|David Vitter(R) |Read twice and referred to the Committee on the Judiciary.|2011-04-05|https://www.congress.gov/112/bills/s723/BILLS-112s723is.pdf
To amend title 38, United States Code, to improve the disability compensation evaluation procedure of the Secretary of Veterans Affairs for veterans with post-traumatic stress disorder or mental health conditions related to military sexual trauma, and for other purposes.|112|House|Chellie Pingree(D) |Referred to the Subcommittee on Disability Assistance and Memorial Affairs.|2011-04-01|https://www.congress.gov/112/bills/hr930/BILLS-112hr930ih.pdf
National Women's History Museum Act of 2011|112|House|CAROLYN MALONEY(D) |Referred to the Subcommittee on Economic Development, Public Buildings and Emergency Management.|2011-03-31|https://www.congress.gov/112/bills/hr1269/BILLS-112hr1269ih.pdf
Honoring the life of Congresswoman Geraldine A. Ferraro, the first woman selected by a major political party as its candidate for Vice President.|112|House|JOSEPH CROWLEY(D) |Referred to the House Committee on House Administration.|2011-03-30|https://www.congress.gov/112/bills/hres190/BILLS-112hres190ih.pdf
A resolution honoring Congresswoman Geraldine A. Ferraro, the first woman selected by a major political party as its candidate for Vice President of the United States, and extending the condolences of the Senate on her death.|112|Senate|Kirsten Gillibrand(D) |Submitted in the Senate, considered, and agreed to without amendment and with a preamble by Unanimous Consent. (consideration: CR S1943; text as passed Senate: CR S1943; text of measure as introduced: CR S1939)|2011-03-29|https://www.congress.gov/112/bills/sres114/BILLS-112sres114ats.pdf
Women's Business Ownership Act of 2011|112|House|EDDIE JOHNSON(D) |Referred to the Subcommittee on Financial Institutions and Consumer Credit.|2011-03-23|https://www.congress.gov/112/bills/hr744/BILLS-112hr744ih.pdf
International Women's Freedom Act of 2011|112|House|CAROLYN MALONEY(D) |Referred to the Subcommittee on International Monetary Policy and Trade.|2011-03-23|https://www.congress.gov/112/bills/hr418/BILLS-112hr418ih.pdf
Veterans, Women, Families with Children, and Persons With Disabilities Housing Fairness Act of 2011|112|House|Al Green(D) |Referred to the Subcommittee on Insurance, Housing and Community Opportunity.|2011-03-23|https://www.congress.gov/112/bills/hr284/BILLS-112hr284ih.pdf
A concurrent resolution recognizing women serving in the United States Armed Forces.|112|Senate|BARBARA BOXER(D) |Referred to the Subcommittee on Military Personnel.|2011-03-16|https://www.congress.gov/112/bills/sconres8/BILLS-112sconres8rfh.pdf
Domestic Minor Sex Trafficking Deterrence and Victims Support Act of 2011|112|Senate|Ron Wyden(D) |Read twice and referred to the Committee on the Judiciary.|2011-03-16|https://www.congress.gov/112/bills/s596/BILLS-112s596is.pdf
To direct the Secretary of Veterans Affairs to display in each facility of the Department of Veterans Affairs a Women Veterans Bill of Rights.|112|House|BOB FILNER(D) |Referred to the Subcommittee on Health.|2011-03-15|https://www.congress.gov/112/bills/hr809/BILLS-112hr809ih.pdf
Recognizing women serving in the United States Armed Forces.|112|House|Cathy McMorris Rodgers(R) |Referred to the Subcommittee on Military Personnel.|2011-03-15|https://www.congress.gov/112/bills/hconres24/BILLS-112hconres24ih.pdf
Access to Certified Professional Midwives Act of 2011|112|House|Chellie Pingree(D) |Referred to the Subcommittee on Health.|2011-03-15|https://www.congress.gov/112/bills/hr1054/BILLS-112hr1054ih.pdf
Stillbirth Awareness and Research Act of 2011|112|House|PETER KING(R) |Referred to the Subcommittee on Health.|2011-03-15|https://www.congress.gov/112/bills/hr1037/BILLS-112hr1037ih.pdf
Maternal Health Accountability Act of 2011|112|House|JOHN CONYERS(D) |Referred to the Subcommittee on Health.|2011-03-11|https://www.congress.gov/112/bills/hr894/BILLS-112hr894ih.pdf
Supporting the goals and ideals of National Women's History Month.|112|House|LYNN WOOLSEY(D) |Referred to the House Committee on Oversight and Government Reform.|2011-03-11|https://www.congress.gov/112/bills/hres165/BILLS-112hres165ih.pdf
Fulfilling the Potential of Women in Academic Science and Engineering Act of 2011|112|House|EDDIE JOHNSON(D) |Referred to the Subcommittee on Research and Science Education.|2011-03-09|https://www.congress.gov/112/bills/hr889/BILLS-112hr889ih.pdf
Honoring the life of David Kato and all who are victims of violence in Uganda because of their sexual orientation or gender identity.|112|House|LUIS GUTIERREZ(D) |Referred to the Subcommittee on Africa, Global Health, and Human Rights.|2011-03-08|https://www.congress.gov/112/bills/hres100/BILLS-112hres100ih.pdf
A resolution supporting the goals of "International Women's Day" and recognizing this year's centennial anniversary of International Women's Day.|112|Senate|Jeanne Shaheen(D) |Submitted in the Senate, considered, and agreed to without amendment and with a preamble by Unanimous Consent. (consideration: CR S1241; text as passed Senate: CR S1241; text of measure as introduced: CR S1238)|2011-03-03|https://www.congress.gov/112/bills/sres90/BILLS-112sres90ats.pdf
Acknowledging the 42nd anniversary of the election of Shirley Anita St. Hill Chisholm, the first African-American woman in Congress.|112|House|BARBARA LEE(D) |Referred to the House Committee on House Administration.|2011-03-03|https://www.congress.gov/112/bills/hres144/BILLS-112hres144ih.pdf
HEART for Women Act|112|Senate|Debbie Stabenow(D) |Read twice and referred to the Committee on Health, Education, Labor, and Pensions.|2011-03-02|https://www.congress.gov/112/bills/s438/BILLS-112s438is.pdf
Denouncing the practices of female genital mutilation, domestic violence, "honor" killings, acid burnings, dowry deaths, and other gender-based persecutions, expressing the sense of Congress that participation, protection, recognition, and equality of women is crucial to achieving a just, moral and peaceful society, and for other purposes.|112|House|SHEILA JACKSON LEE(D) |Referred to the Subcommittee on Africa, Global Health, and Human Rights.|2011-03-01|https://www.congress.gov/112/bills/hjres12/BILLS-112hjres12ih.pdf
Expressing the sense of the House of Representatives that the Senate should ratify the Convention on the Elimination of All Forms of Discrimination Against Women (CEDAW).|112|House|LYNN WOOLSEY(D) |Referred to the Subcommittee on Africa, Global Health, and Human Rights.|2011-03-01|https://www.congress.gov/112/bills/hres20/BILLS-112hres20ih.pdf
Proposing an amendment to the Constitution of the United States relating to equality of rights and reproductive rights.|112|House|JESSE JACKSON(D) |Referred to the Subcommittee on the Constitution.|2011-02-28|https://www.congress.gov/112/bills/hjres31/BILLS-112hjres31ih.pdf
Birth Certificate Enhancement Act of 2011|112|House|Steve Cohen(D) |Referred to the Subcommittee on Health.|2011-02-18|https://www.congress.gov/112/bills/hr666/BILLS-112hr666ih.pdf
No Parole for Sex Offenders Act|112|House|Ben Chandler(D) |Referred to the Subcommittee on Crime, Terrorism, and Homeland Security.|2011-02-14|https://www.congress.gov/112/bills/hr578/BILLS-112hr578ih.pdf
Safety From Sex Offenders Act of 2011|112|Senate|Charles Schumer(D) |Read twice and referred to the Committee on the Judiciary.|2011-02-14|https://www.congress.gov/112/bills/s329/BILLS-112s329is.pdf
Expressing the support of the House of Representatives for efforts to increase diversity in science, technology, engineering, and mathematics (STEM) and recognizing the Association for Women in Science (AWIS) for its 40 years of service to broadening the participation of underrepresented groups in STEM.|112|House|EDDIE JOHNSON(D) |Referred to the House Committee on Science, Space, and Technology.|2011-02-14|https://www.congress.gov/112/bills/hres91/BILLS-112hres91ih.pdf
Recognizing the 75th birthday of the Honorable Barbara Charline Jordan, American politician, leader of the Civil Rights movement, first African-American elected to the Texas Senate, first Southern black woman ever elected to the United States House of Representatives, inspirational figure in the Progressive movement, and recipient of the Presidential Medal of Freedom Award.|112|House|SHEILA JACKSON LEE(D) |Referred to the House Committee on House Administration.|2011-02-11|https://www.congress.gov/112/bills/hres90/BILLS-112hres90ih.pdf
Susan B. Anthony Birthday Act|112|House|CAROLYN MALONEY(D) |Referred to the House Committee on Oversight and Government Reform.|2011-02-11|https://www.congress.gov/112/bills/hr655/BILLS-112hr655ih.pdf
Unborn Child Pain Awareness Act of 2011|112|Senate|Mike Johanns(R) |Read twice and referred to the Committee on Health, Education, Labor, and Pensions.|2011-02-10|https://www.congress.gov/112/bills/s314/BILLS-112s314is.pdf
A resolution celebrating February 2, 2011, as the 25th anniversary of "National Women and Girls in Sports Day".|112|Senate|Olympia Snowe(R) |Resolution agreed to in Senate without amendment and with a preamble by Unanimous Consent. (text: CR S492)|2011-02-02|https://www.congress.gov/112/bills/sres30/BILLS-112sres30ats.pdf
Justice for Survivors of Sexual Assault Act of 2011|112|Senate|Al Franken(D) |Read twice and referred to the Committee on the Judiciary.|2011-02-01|https://www.congress.gov/112/bills/s254/BILLS-112s254is.pdf
A bill to establish a commission to ensure a suitable observance of the centennial of World War I, and to designate memorials to the service of men and women of the United States in World War I.|112|Senate|JAY ROCKEFELLER(D) |Read twice and referred to the Committee on the Judiciary.|2011-02-01|https://www.congress.gov/112/bills/s253/BILLS-112s253is.pdf
Expressing the sense of the House of Representatives with respect to pregnancy resource centers.|112|House|CLIFF STEARNS(R) |Referred to the Subcommittee on Health.|2011-02-01|https://www.congress.gov/112/bills/hres18/BILLS-112hres18ih.pdf
Expressing the sense of the House of Representatives that the Commissioner of Food and Drugs should evaluate the scientific evidence on the question of whether to add more folic acid to enriched grain products and expand folic acid fortification into cornmeal and corn-based food products to help prevent further serious birth defects.|112|House|PETE SESSIONS(R) |Referred to the Subcommittee on Health.|2011-02-01|https://www.congress.gov/112/bills/hres17/BILLS-112hres17ih.pdf
Abortion Non-Discrimination Act of 2011|112|House|John Fleming(R) |Referred to the Subcommittee on Health.|2011-02-01|https://www.congress.gov/112/bills/hr361/BILLS-112hr361ih.pdf
Medicaid Newborn Coverage Act of 2011|112|House|JOSE SERRANO(D) |Referred to the Subcommittee on Health.|2011-02-01|https://www.congress.gov/112/bills/hr351/BILLS-112hr351ih.pdf
Title X Abortion Provider Prohibition Act|112|House|MIKE PENCE(R) |Referred to the Subcommittee on Health.|2011-02-01|https://www.congress.gov/112/bills/hr217/BILLS-112hr217ih.pdf
Abortion Non-Discrimination Act of 2011|112|Senate|David Vitter(R) |Read twice and referred to the Committee on Health, Education, Labor, and Pensions.|2011-01-25|https://www.congress.gov/112/bills/s165/BILLS-112s165is.pdf
Pregnant Women Health and Safety Act|112|Senate|David Vitter(R) |Read twice and referred to the Committee on Health, Education, Labor, and Pensions.|2011-01-25|https://www.congress.gov/112/bills/s121/BILLS-112s121is.pdf
Protecting Pregnant Women and Children From Hexavalent Chromium Act of 2011|112|Senate|BARBARA BOXER(D) |Read twice and referred to the Committee on Environment and Public Works.|2011-01-25|https://www.congress.gov/112/bills/s79/BILLS-112s79is.pdf
Protecting Pregnant Women and Children From Perchlorate Act of 2011|112|Senate|BARBARA BOXER(D) |Read twice and referred to the Committee on Environment and Public Works.|2011-01-25|https://www.congress.gov/112/bills/s78/BILLS-112s78is.pdf
Birthright Citizenship Act of 2011|112|House|Steve King(R) |Referred to the Subcommittee on Immigration Policy and Enforcement.|2011-01-24|https://www.congress.gov/112/bills/hr140/BILLS-112hr140ih.pdf
Celebrating the life of President Ronald Wilson Reagan on the 100th anniversary of his birth.|112|House|Trent Franks(R) |Referred to the House Committee on Oversight and Government Reform.|2011-01-19|https://www.congress.gov/112/bills/hres40/BILLS-112hres40ih.pdf
A resolution honoring Senator Barbara Mikulski for becoming the longest-serving female Senator in history.|112|Senate|HARRY REID(D) |Submitted in the Senate, considered, and agreed to without amendment and with a preamble by Unanimous Consent. (consideration: CR S6-13; text as passed Senate: CR S6-7; text of measure as introduced: CR S64)|2011-01-05|https://www.congress.gov/112/bills/sres4/BILLS-112sres4ats.pdf
